"","Group.1","Group.2","x"
"1",6,2016,35.326842837274
"2",7,2016,34.7523680649526
"3",8,2016,20.5922330097087
"4",9,2016,28.1430817610063
