CoreML computeUnits = MLComputeUnits(rawValue: 2)
Model input: image image 640x640
Model loaded in 10590.58 ms
[ModelLoader] encoder loaded: MobileSAM_ImageEncoder_fp16_milfix
Invalid layer: Invalid input tensor channel 1 and format size 2 bytes, must be aligned on 64 bytes
Invalid layer: Invalid input tensor channel 1 and format size 2 bytes, must be aligned on 64 bytes
Invalid layer: Invalid input tensor channel 1 and format size 2 bytes, must be aligned on 64 bytes
CoreML computeUnits = MLComputeUnits(rawValue: 3)
MobileSAM models loaded in 3320.03 ms
MobileSAM load memory: before=52.7 MB | afterEncoder=524.8 MB | afterDecoder=455.0 MB
MobileSAM load delta: encoder=472.1 MB | decoder=-69.8 MB | total=402.2 MB
Model input: image shape=[1, 3, 1024, 1024] dtype=MLMultiArrayDataType(rawValue: 65568)
Model input: point_labels shape=[1, 2] dtype=MLMultiArrayDataType(rawValue: 65568)
Model input: has_mask_input shape=[1] dtype=MLMultiArrayDataType(rawValue: 65568)
Model input: image_embeddings shape=[1, 256, 64, 64] dtype=MLMultiArrayDataType(rawValue: 65568)
Model input: mask_input shape=[1, 1, 256, 256] dtype=MLMultiArrayDataType(rawValue: 65568)
Model input: point_coords shape=[1, 2, 2] dtype=MLMultiArrayDataType(rawValue: 65568)
Reading from public effective user settings.
<<<< FigXPCUtilities >>>> signalled err=-17281 at <>:308
<<<< FigCaptureSourceRemote >>>> Fig assert: "err == 0 " at bail (FigCaptureSourceRemote.m:569) - (err=-17281)
[DBG] preview bounds=(414.0, 896.0), gravity=AVLayerVideoGravity(_rawValue: AVLayerVideoGravityResizeAspectFill)
CoreML computeUnits = MLComputeUnits(rawValue: 2)
Model input: image image 640x640
MobileSAM load memory (settled +2s): 170.3 MB | delta=117.6 MB
Output var_3019 shape=[1, 84, 8400]
Output var_3022 shape=[1, 84, 8400]
CoreML computeUnits = MLComputeUnits(rawValue: 2)
Model input: image image 640x640
Frame inference time: 216.33 ms | raw_in_boxes: 8400 | topK: 10 | final_detections: 1
det[0]: class=68 score=0.616 box=[307.3, 354.3, 485.6, 430.1]
Pre=38.84ms | Infer=216.33ms | Post=285.16ms | Total=540.33ms | FPS=1.85 | Mem=217.2 MB
[DBG] device rotation updated: 90
[DBG] device rotation updated: 90
Frame inference time: 263.30 ms | raw_in_boxes: 8400 | topK: 10 | final_detections: 3
det[0]: class=68 score=0.621 box=[360.2, 320.1, 478.6, 361.2]
det[1]: class=68 score=0.614 box=[335.5, 360.2, 480.8, 429.9]
det[2]: class=70 score=0.621 box=[317.3, 323.3, 361.3, 355.1]
Pre=5.54ms | Infer=263.30ms | Post=280.81ms | Total=549.66ms | FPS=1.82 | Mem=197.9 MB
FPS: 2.75 | Memory: 197.8 MB
Frame inference time: 229.41 ms | raw_in_boxes: 8400 | topK: 10 | final_detections: 2
det[0]: class=72 score=0.710 box=[210.4, 336.0, 277.8, 479.1]
det[1]: class=68 score=0.702 box=[381.7, 328.0, 433.5, 356.9]
Pre=2.75ms | Infer=229.41ms | Post=276.51ms | Total=508.67ms | FPS=1.97 | Mem=197.8 MB
Frame inference time: 203.41 ms | raw_in_boxes: 8400 | topK: 10 | final_detections: 3
det[0]: class=72 score=0.698 box=[210.1, 335.7, 277.8, 479.3]
det[1]: class=68 score=0.699 box=[381.7, 327.9, 433.5, 356.9]
det[2]: class=68 score=0.694 box=[211.8, 298.1, 280.8, 337.1]
Pre=2.21ms | Infer=203.41ms | Post=192.28ms | Total=397.90ms | FPS=2.51 | Mem=197.8 MB
Frame inference time: 201.36 ms | raw_in_boxes: 8400 | topK: 10 | final_detections: 3
det[0]: class=72 score=0.707 box=[210.2, 335.9, 277.9, 479.2]
det[1]: class=68 score=0.696 box=[381.7, 328.0, 433.5, 356.8]
det[2]: class=68 score=0.692 box=[212.0, 298.1, 280.9, 336.8]
Pre=2.17ms | Infer=201.36ms | Post=180.81ms | Total=384.35ms | FPS=2.60 | Mem=197.8 MB
FPS: 2.32 | Memory: 197.8 MB
Frame inference time: 199.45 ms | raw_in_boxes: 8400 | topK: 10 | final_detections: 3
det[0]: class=68 score=0.699 box=[381.7, 327.9, 433.5, 356.9]
det[1]: class=68 score=0.695 box=[211.9, 298.2, 281.0, 337.0]
det[2]: class=72 score=0.707 box=[210.2, 335.8, 278.4, 479.3]
Pre=1.84ms | Infer=199.45ms | Post=187.64ms | Total=388.93ms | FPS=2.57 | Mem=197.8 MB
Frame inference time: 202.34 ms | raw_in_boxes: 8400 | topK: 10 | final_detections: 3
det[0]: class=72 score=0.707 box=[210.2, 335.8, 278.0, 479.2]
det[1]: class=68 score=0.700 box=[381.8, 327.9, 433.6, 356.9]
det[2]: class=68 score=0.698 box=[211.9, 298.2, 281.1, 337.0]
Pre=3.01ms | Infer=202.34ms | Post=194.52ms | Total=399.87ms | FPS=2.50 | Mem=197.8 MB
Frame inference time: 204.22 ms | raw_in_boxes: 8400 | topK: 10 | final_detections: 2
det[0]: class=72 score=0.706 box=[210.2, 335.9, 278.1, 479.2]
det[1]: class=68 score=0.699 box=[381.7, 327.9, 433.5, 356.7]
Pre=2.73ms | Infer=204.22ms | Post=184.31ms | Total=391.26ms | FPS=2.56 | Mem=197.8 MB
FPS: 2.54 | Memory: 197.8 MB
Frame inference time: 200.59 ms | raw_in_boxes: 8400 | topK: 10 | final_detections: 3
det[0]: class=68 score=0.698 box=[381.7, 328.0, 433.5, 356.8]
det[1]: class=68 score=0.694 box=[211.9, 298.1, 280.9, 336.8]
det[2]: class=72 score=0.705 box=[210.2, 335.9, 277.9, 479.4]
Pre=2.20ms | Infer=200.59ms | Post=189.07ms | Total=391.86ms | FPS=2.55 | Mem=197.8 MB
Frame inference time: 208.16 ms | raw_in_boxes: 8400 | topK: 10 | final_detections: 2
det[0]: class=72 score=0.705 box=[210.2, 335.8, 278.0, 479.2]
det[1]: class=68 score=0.699 box=[381.8, 327.9, 433.6, 356.9]
Pre=2.10ms | Infer=208.16ms | Post=192.82ms | Total=403.07ms | FPS=2.48 | Mem=197.8 MB
Frame inference time: 205.32 ms | raw_in_boxes: 8400 | topK: 10 | final_detections: 3
det[0]: class=68 score=0.696 box=[381.7, 327.9, 433.4, 356.8]
det[1]: class=68 score=0.695 box=[212.0, 298.0, 280.9, 336.7]
det[2]: class=72 score=0.708 box=[210.3, 336.0, 277.9, 479.2]
Pre=2.30ms | Infer=205.32ms | Post=186.26ms | Total=393.88ms | FPS=2.54 | Mem=197.8 MB
FPS: 2.52 | Memory: 197.8 MB
Frame inference time: 204.23 ms | raw_in_boxes: 8400 | topK: 10 | final_detections: 3
det[0]: class=72 score=0.707 box=[210.2, 336.0, 278.1, 479.2]
det[1]: class=68 score=0.698 box=[381.7, 327.9, 433.4, 356.8]
det[2]: class=68 score=0.693 box=[211.8, 298.0, 280.8, 336.7]
Pre=2.30ms | Infer=204.23ms | Post=196.96ms | Total=403.49ms | FPS=2.48 | Mem=197.8 MB
Frame inference time: 207.47 ms | raw_in_boxes: 8400 | topK: 10 | final_detections: 3
det[0]: class=68 score=0.694 box=[381.7, 327.9, 433.3, 356.8]
det[1]: class=68 score=0.691 box=[211.9, 298.3, 280.1, 336.7]
det[2]: class=72 score=0.704 box=[210.2, 335.7, 278.1, 479.2]
Pre=2.12ms | Infer=207.47ms | Post=192.74ms | Total=402.34ms | FPS=2.49 | Mem=197.7 MB
Frame inference time: 205.55 ms | raw_in_boxes: 8400 | topK: 10 | final_detections: 2
det[0]: class=68 score=0.700 box=[381.7, 328.0, 433.6, 356.8]
det[1]: class=72 score=0.703 box=[210.2, 335.8, 277.9, 479.1]
Pre=2.26ms | Infer=205.55ms | Post=198.65ms | Total=406.47ms | FPS=2.46 | Mem=197.7 MB
FPS: 2.47 | Memory: 197.7 MB
Frame inference time: 203.87 ms | raw_in_boxes: 8400 | topK: 10 | final_detections: 2
det[0]: class=72 score=0.704 box=[210.2, 335.5, 278.2, 479.2]
det[1]: class=68 score=0.699 box=[381.6, 328.0, 433.5, 356.8]
Pre=3.02ms | Infer=203.87ms | Post=192.41ms | Total=399.30ms | FPS=2.50 | Mem=197.7 MB
Frame inference time: 203.98 ms | raw_in_boxes: 8400 | topK: 10 | final_detections: 2
det[0]: class=68 score=0.700 box=[381.7, 328.0, 433.5, 356.9]
det[1]: class=72 score=0.702 box=[210.2, 335.8, 277.9, 479.2]
Pre=2.15ms | Infer=203.98ms | Post=184.39ms | Total=390.53ms | FPS=2.56 | Mem=197.7 MB
Frame inference time: 203.89 ms | raw_in_boxes: 8400 | topK: 10 | final_detections: 2
det[0]: class=68 score=0.700 box=[381.8, 328.0, 433.5, 356.8]
det[1]: class=72 score=0.706 box=[210.2, 335.8, 278.1, 479.1]
Pre=2.24ms | Infer=203.89ms | Post=199.50ms | Total=405.64ms | FPS=2.47 | Mem=197.7 MB
FPS: 2.51 | Memory: 197.7 MB
Frame inference time: 205.80 ms | raw_in_boxes: 8400 | topK: 10 | final_detections: 3
det[0]: class=72 score=0.709 box=[210.2, 335.9, 278.1, 479.3]
det[1]: class=68 score=0.700 box=[381.7, 328.0, 433.5, 356.8]
det[2]: class=68 score=0.694 box=[211.9, 298.1, 281.2, 336.7]
Pre=2.34ms | Infer=205.80ms | Post=192.84ms | Total=400.98ms | FPS=2.49 | Mem=197.7 MB
Frame inference time: 202.17 ms | raw_in_boxes: 8400 | topK: 10 | final_detections: 2
det[0]: class=68 score=0.699 box=[381.7, 327.9, 433.4, 356.9]
det[1]: class=72 score=0.704 box=[210.2, 335.9, 277.9, 479.2]
Pre=2.21ms | Infer=202.17ms | Post=185.65ms | Total=390.03ms | FPS=2.56 | Mem=197.7 MB
Frame inference time: 209.27 ms | raw_in_boxes: 8400 | topK: 10 | final_detections: 3
det[0]: class=68 score=0.700 box=[381.7, 327.9, 433.5, 356.8]
det[1]: class=68 score=0.695 box=[211.9, 298.1, 280.8, 336.8]
det[2]: class=72 score=0.705 box=[210.2, 335.9, 277.8, 479.2]
Pre=2.17ms | Infer=209.27ms | Post=192.65ms | Total=404.09ms | FPS=2.47 | Mem=197.7 MB
FPS: 2.51 | Memory: 197.7 MB
Frame inference time: 203.16 ms | raw_in_boxes: 8400 | topK: 10 | final_detections: 3
det[0]: class=68 score=0.696 box=[381.7, 328.0, 433.4, 356.8]
det[1]: class=68 score=0.694 box=[211.8, 298.2, 280.9, 336.8]
det[2]: class=72 score=0.706 box=[210.2, 335.8, 277.9, 479.2]
Pre=2.40ms | Infer=203.16ms | Post=189.07ms | Total=394.62ms | FPS=2.53 | Mem=197.7 MB
Frame inference time: 207.17 ms | raw_in_boxes: 8400 | topK: 10 | final_detections: 3
det[0]: class=72 score=0.705 box=[210.2, 335.8, 278.1, 479.3]
det[1]: class=68 score=0.698 box=[381.7, 327.9, 433.5, 356.8]
det[2]: class=68 score=0.693 box=[211.8, 298.3, 281.1, 336.9]
Pre=2.20ms | Infer=207.17ms | Post=193.41ms | Total=402.78ms | FPS=2.48 | Mem=197.7 MB
Frame inference time: 207.41 ms | raw_in_boxes: 8400 | topK: 10 | final_detections: 2
det[0]: class=68 score=0.700 box=[381.7, 327.9, 433.5, 356.9]
det[1]: class=72 score=0.704 box=[210.2, 336.1, 277.7, 479.2]
Pre=2.32ms | Infer=207.41ms | Post=196.02ms | Total=405.75ms | FPS=2.46 | Mem=197.7 MB
FPS: 2.49 | Memory: 197.7 MB
Frame inference time: 206.01 ms | raw_in_boxes: 8400 | topK: 10 | final_detections: 3
det[0]: class=68 score=0.698 box=[381.8, 327.9, 433.5, 356.8]
det[1]: class=68 score=0.694 box=[212.0, 298.1, 281.1, 336.7]
det[2]: class=72 score=0.704 box=[210.2, 335.9, 278.1, 479.3]
Pre=2.31ms | Infer=206.01ms | Post=192.49ms | Total=400.82ms | FPS=2.49 | Mem=197.7 MB
Frame inference time: 214.64 ms | raw_in_boxes: 8400 | topK: 10 | final_detections: 2
det[0]: class=72 score=0.706 box=[210.2, 335.5, 278.7, 479.2]
det[1]: class=68 score=0.702 box=[381.7, 328.0, 433.5, 356.8]
Pre=3.49ms | Infer=214.64ms | Post=192.04ms | Total=410.16ms | FPS=2.44 | Mem=197.7 MB
Frame inference time: 210.75 ms | raw_in_boxes: 8400 | topK: 10 | final_detections: 3
det[0]: class=72 score=0.700 box=[210.2, 335.7, 277.9, 479.2]
det[1]: class=68 score=0.698 box=[381.7, 328.0, 433.5, 356.9]
det[2]: class=68 score=0.692 box=[211.9, 298.1, 280.5, 336.8]
Pre=2.58ms | Infer=210.75ms | Post=192.07ms | Total=405.40ms | FPS=2.47 | Mem=197.7 MB
FPS: 2.46 | Memory: 197.7 MB
Frame inference time: 210.55 ms | raw_in_boxes: 8400 | topK: 10 | final_detections: 2
det[0]: class=68 score=0.701 box=[381.7, 328.0, 433.5, 356.8]
det[1]: class=72 score=0.704 box=[210.2, 335.8, 278.0, 479.2]
Pre=1.76ms | Infer=210.55ms | Post=192.11ms | Total=404.43ms | FPS=2.47 | Mem=197.7 MB
Frame inference time: 210.65 ms | raw_in_boxes: 8400 | topK: 10 | final_detections: 2
det[0]: class=68 score=0.700 box=[381.7, 327.9, 433.5, 356.9]
det[1]: class=72 score=0.705 box=[210.2, 336.0, 277.9, 479.3]
Pre=2.17ms | Infer=210.65ms | Post=192.67ms | Total=405.49ms | FPS=2.47 | Mem=197.7 MB
Frame inference time: 209.97 ms | raw_in_boxes: 8400 | topK: 10 | final_detections: 3
det[0]: class=72 score=0.706 box=[210.2, 335.8, 277.9, 479.1]
det[1]: class=68 score=0.694 box=[381.8, 328.0, 433.4, 356.7]
det[2]: class=68 score=0.689 box=[211.9, 298.4, 279.9, 336.6]
Pre=2.33ms | Infer=209.97ms | Post=208.40ms | Total=420.70ms | FPS=2.38 | Mem=197.7 MB
FPS: 2.44 | Memory: 197.7 MB
[DBG] camera=1080x1920 | modelInput=640x640 | letterbox scale=0.3333 padX=140.00 padY=0.00 | rot=90 mirrored=false
Frame inference time: 214.59 ms | raw_in_boxes: 8400 | topK: 10 | final_detections: 3
det[0]: class=68 score=0.698 box=[381.7, 327.9, 433.4, 356.9]
det[1]: class=68 score=0.696 box=[212.0, 298.1, 280.8, 336.7]
det[2]: class=72 score=0.706 box=[210.2, 335.8, 278.1, 479.2]
Pre=1.79ms | Infer=214.59ms | Post=196.01ms | Total=412.39ms | FPS=2.42 | Mem=197.7 MB
Frame inference time: 218.68 ms | raw_in_boxes: 8400 | topK: 10 | final_detections: 3
det[0]: class=68 score=0.702 box=[381.7, 327.9, 433.6, 356.9]
det[1]: class=68 score=0.694 box=[211.9, 298.3, 280.6, 336.9]
det[2]: class=72 score=0.706 box=[210.2, 335.9, 277.9, 479.2]
Pre=2.22ms | Infer=218.68ms | Post=195.16ms | Total=416.07ms | FPS=2.40 | Mem=197.7 MB
Frame inference time: 220.02 ms | raw_in_boxes: 8400 | topK: 10 | final_detections: 3
det[0]: class=72 score=0.703 box=[210.2, 335.9, 277.8, 479.2]
det[1]: class=68 score=0.700 box=[381.7, 327.9, 433.6, 356.9]
det[2]: class=68 score=0.691 box=[211.9, 298.2, 280.6, 336.8]
Pre=2.21ms | Infer=220.02ms | Post=225.24ms | Total=447.47ms | FPS=2.23 | Mem=197.7 MB
FPS: 2.35 | Memory: 197.7 MB
Frame inference time: 208.66 ms | raw_in_boxes: 8400 | topK: 10 | final_detections: 2
det[0]: class=72 score=0.704 box=[210.2, 336.0, 277.8, 479.2]
det[1]: class=68 score=0.697 box=[381.7, 328.0, 433.4, 356.8]
Pre=2.35ms | Infer=208.66ms | Post=192.17ms | Total=403.18ms | FPS=2.48 | Mem=197.7 MB
Frame inference time: 212.52 ms | raw_in_boxes: 8400 | topK: 10 | final_detections: 3
det[0]: class=68 score=0.700 box=[381.7, 327.9, 433.5, 356.9]
det[1]: class=68 score=0.696 box=[211.8, 298.2, 280.6, 336.8]
det[2]: class=72 score=0.707 box=[210.2, 335.8, 278.1, 479.2]
Pre=2.27ms | Infer=212.52ms | Post=206.67ms | Total=421.46ms | FPS=2.37 | Mem=197.7 MB
Frame inference time: 209.09 ms | raw_in_boxes: 8400 | topK: 10 | final_detections: 2
det[0]: class=68 score=0.698 box=[381.7, 328.0, 433.5, 356.8]
det[1]: class=72 score=0.708 box=[210.2, 336.0, 278.1, 479.2]
Pre=1.92ms | Infer=209.09ms | Post=198.88ms | Total=409.88ms | FPS=2.44 | Mem=197.7 MB
FPS: 2.43 | Memory: 197.7 MB
Frame inference time: 208.16 ms | raw_in_boxes: 8400 | topK: 10 | final_detections: 2
det[0]: class=68 score=0.698 box=[381.7, 327.9, 433.4, 356.9]
det[1]: class=72 score=0.705 box=[210.2, 335.9, 278.2, 479.2]
Pre=2.34ms | Infer=208.16ms | Post=202.87ms | Total=413.38ms | FPS=2.42 | Mem=197.7 MB
Frame inference time: 219.79 ms | raw_in_boxes: 8400 | topK: 10 | final_detections: 2
det[0]: class=68 score=0.700 box=[381.7, 328.0, 433.5, 356.8]
det[1]: class=72 score=0.706 box=[210.2, 335.7, 278.2, 479.3]
Pre=2.48ms | Infer=219.79ms | Post=211.32ms | Total=433.59ms | FPS=2.31 | Mem=197.7 MB
Frame inference time: 208.47 ms | raw_in_boxes: 8400 | topK: 10 | final_detections: 2
det[0]: class=72 score=0.707 box=[210.2, 335.9, 278.2, 479.2]
det[1]: class=68 score=0.696 box=[381.8, 328.0, 433.4, 356.9]
Pre=2.42ms | Infer=208.47ms | Post=193.59ms | Total=404.48ms | FPS=2.47 | Mem=197.7 MB
FPS: 2.39 | Memory: 197.7 MB
Frame inference time: 220.62 ms | raw_in_boxes: 8400 | topK: 10 | final_detections: 3
det[0]: class=68 score=0.702 box=[381.7, 327.9, 433.5, 356.9]
det[1]: class=68 score=0.697 box=[211.6, 298.0, 280.9, 336.9]
det[2]: class=72 score=0.706 box=[210.2, 335.8, 278.2, 479.1]
Pre=2.28ms | Infer=220.62ms | Post=208.16ms | Total=431.06ms | FPS=2.32 | Mem=197.7 MB
Frame inference time: 213.62 ms | raw_in_boxes: 8400 | topK: 10 | final_detections: 2
det[0]: class=68 score=0.698 box=[381.8, 327.9, 433.5, 356.8]
det[1]: class=72 score=0.705 box=[210.2, 336.0, 278.2, 479.2]
Pre=2.11ms | Infer=213.62ms | Post=199.17ms | Total=414.90ms | FPS=2.41 | Mem=197.7 MB
Frame inference time: 242.93 ms | raw_in_boxes: 8400 | topK: 10 | final_detections: 2
det[0]: class=72 score=0.705 box=[210.2, 335.8, 278.0, 479.2]
det[1]: class=68 score=0.696 box=[381.7, 328.0, 433.5, 356.9]
Pre=2.23ms | Infer=242.93ms | Post=263.56ms | Total=508.71ms | FPS=1.97 | Mem=197.7 MB
FPS: 2.21 | Memory: 197.7 MB
Frame inference time: 246.01 ms | raw_in_boxes: 8400 | topK: 10 | final_detections: 2
det[0]: class=68 score=0.699 box=[381.8, 327.9, 433.4, 356.9]
det[1]: class=72 score=0.706 box=[210.2, 335.7, 278.3, 479.2]
Pre=2.13ms | Infer=246.01ms | Post=275.98ms | Total=524.13ms | FPS=1.91 | Mem=197.7 MB
Frame inference time: 252.30 ms | raw_in_boxes: 8400 | topK: 10 | final_detections: 3
det[0]: class=72 score=0.704 box=[210.2, 335.9, 278.0, 479.3]
det[1]: class=68 score=0.698 box=[381.7, 327.9, 433.4, 356.7]
det[2]: class=68 score=0.691 box=[211.9, 298.3, 280.5, 336.7]
Pre=2.47ms | Infer=252.30ms | Post=289.66ms | Total=544.43ms | FPS=1.84 | Mem=197.7 MB
FPS: 1.87 | Memory: 197.7 MB
Frame inference time: 248.92 ms | raw_in_boxes: 8400 | topK: 10 | final_detections: 3
det[0]: class=68 score=0.698 box=[381.7, 327.9, 433.5, 356.9]
det[1]: class=68 score=0.693 box=[212.0, 298.2, 280.3, 336.7]
det[2]: class=72 score=0.709 box=[210.3, 336.0, 278.1, 479.1]
Pre=2.50ms | Infer=248.92ms | Post=246.29ms | Total=497.70ms | FPS=2.01 | Mem=196.9 MB
Frame inference time: 220.42 ms | raw_in_boxes: 8400 | topK: 10 | final_detections: 2
det[0]: class=68 score=0.701 box=[381.7, 328.0, 433.4, 356.9]
det[1]: class=72 score=0.707 box=[210.2, 335.8, 278.2, 479.1]
Pre=2.22ms | Infer=220.42ms | Post=204.94ms | Total=427.59ms | FPS=2.34 | Mem=196.9 MB
Frame inference time: 213.21 ms | raw_in_boxes: 8400 | topK: 10 | final_detections: 3
det[0]: class=68 score=0.698 box=[381.8, 328.0, 433.4, 357.0]
det[1]: class=68 score=0.693 box=[212.0, 298.1, 280.2, 336.4]
det[2]: class=72 score=0.705 box=[210.2, 335.7, 278.2, 479.2]
Pre=2.22ms | Infer=213.21ms | Post=194.12ms | Total=409.54ms | FPS=2.44 | Mem=196.9 MB
FPS: 2.25 | Memory: 196.9 MB
Frame inference time: 209.65 ms | raw_in_boxes: 8400 | topK: 10 | final_detections: 3
det[0]: class=68 score=0.692 box=[381.7, 327.9, 433.3, 356.9]
det[1]: class=68 score=0.690 box=[212.0, 298.1, 280.5, 336.7]
det[2]: class=72 score=0.706 box=[210.2, 336.0, 277.6, 479.3]
Pre=2.46ms | Infer=209.65ms | Post=197.62ms | Total=409.72ms | FPS=2.44 | Mem=196.9 MB
Frame inference time: 219.12 ms | raw_in_boxes: 8400 | topK: 10 | final_detections: 2
det[0]: class=68 score=0.696 box=[381.8, 328.0, 433.4, 356.9]
det[1]: class=72 score=0.707 box=[210.2, 335.9, 278.1, 479.1]
Pre=2.39ms | Infer=219.12ms | Post=201.87ms | Total=423.38ms | FPS=2.36 | Mem=196.9 MB
Frame inference time: 212.76 ms | raw_in_boxes: 8400 | topK: 10 | final_detections: 3
det[0]: class=72 score=0.703 box=[210.2, 335.9, 278.3, 479.1]
det[1]: class=68 score=0.699 box=[381.7, 328.0, 433.5, 356.8]
det[2]: class=68 score=0.692 box=[212.0, 298.1, 280.9, 336.5]
Pre=2.39ms | Infer=212.76ms | Post=192.11ms | Total=407.27ms | FPS=2.46 | Mem=196.9 MB
FPS: 2.42 | Memory: 196.9 MB
Frame inference time: 217.22 ms | raw_in_boxes: 8400 | topK: 10 | final_detections: 2
det[0]: class=68 score=0.699 box=[381.7, 327.9, 433.4, 356.8]
det[1]: class=72 score=0.707 box=[210.2, 336.0, 277.9, 479.2]
Pre=2.22ms | Infer=217.22ms | Post=226.42ms | Total=445.87ms | FPS=2.24 | Mem=196.9 MB
Frame inference time: 212.29 ms | raw_in_boxes: 8400 | topK: 10 | final_detections: 2
det[0]: class=72 score=0.707 box=[210.3, 335.8, 278.0, 479.1]
det[1]: class=68 score=0.700 box=[381.7, 327.9, 433.5, 356.9]
Pre=2.38ms | Infer=212.29ms | Post=192.06ms | Total=406.74ms | FPS=2.46 | Mem=196.9 MB
Frame inference time: 214.56 ms | raw_in_boxes: 8400 | topK: 10 | final_detections: 2
det[0]: class=68 score=0.699 box=[381.7, 327.9, 433.4, 356.8]
det[1]: class=72 score=0.701 box=[210.2, 335.9, 278.5, 479.1]
Pre=2.24ms | Infer=214.56ms | Post=195.88ms | Total=412.68ms | FPS=2.42 | Mem=196.9 MB
FPS: 2.37 | Memory: 196.9 MB
Frame inference time: 215.22 ms | raw_in_boxes: 8400 | topK: 10 | final_detections: 2
det[0]: class=72 score=0.704 box=[210.3, 335.6, 278.4, 479.1]
det[1]: class=68 score=0.696 box=[381.7, 327.9, 433.3, 356.8]
Pre=2.20ms | Infer=215.22ms | Post=192.14ms | Total=409.56ms | FPS=2.44 | Mem=196.9 MB
Frame inference time: 215.91 ms | raw_in_boxes: 8400 | topK: 10 | final_detections: 3
det[0]: class=68 score=0.696 box=[381.8, 327.9, 433.2, 356.9]
det[1]: class=68 score=0.690 box=[211.9, 298.2, 280.2, 336.7]
det[2]: class=72 score=0.704 box=[210.2, 335.8, 278.1, 479.1]
Pre=2.37ms | Infer=215.91ms | Post=197.50ms | Total=415.78ms | FPS=2.41 | Mem=196.9 MB
Frame inference time: 216.99 ms | raw_in_boxes: 8400 | topK: 10 | final_detections: 3
det[0]: class=68 score=0.697 box=[381.7, 327.9, 433.4, 356.8]
det[1]: class=68 score=0.687 box=[211.8, 298.2, 280.4, 336.5]
det[2]: class=72 score=0.698 box=[210.2, 335.7, 278.4, 479.2]
Pre=2.27ms | Infer=216.99ms | Post=192.06ms | Total=411.32ms | FPS=2.43 | Mem=196.9 MB
FPS: 2.42 | Memory: 196.9 MB
Frame inference time: 212.08 ms | raw_in_boxes: 8400 | topK: 10 | final_detections: 2
det[0]: class=68 score=0.702 box=[381.7, 328.0, 433.5, 356.8]
det[1]: class=72 score=0.706 box=[210.2, 336.0, 278.2, 479.1]
Pre=2.22ms | Infer=212.08ms | Post=192.08ms | Total=406.38ms | FPS=2.46 | Mem=196.9 MB
Frame inference time: 214.80 ms | raw_in_boxes: 8400 | topK: 10 | final_detections: 2
det[0]: class=68 score=0.702 box=[381.7, 327.9, 433.5, 356.9]
det[1]: class=72 score=0.705 box=[210.3, 335.9, 278.2, 479.1]
Pre=2.38ms | Infer=214.80ms | Post=195.68ms | Total=412.86ms | FPS=2.42 | Mem=196.9 MB
Frame inference time: 214.31 ms | raw_in_boxes: 8400 | topK: 10 | final_detections: 2
det[0]: class=72 score=0.707 box=[210.3, 335.9, 278.3, 479.1]
det[1]: class=68 score=0.697 box=[381.7, 327.9, 433.4, 356.7]
Pre=2.28ms | Infer=214.31ms | Post=192.09ms | Total=408.68ms | FPS=2.45 | Mem=196.9 MB
FPS: 2.44 | Memory: 196.9 MB
Frame inference time: 217.46 ms | raw_in_boxes: 8400 | topK: 10 | final_detections: 2
det[0]: class=68 score=0.699 box=[381.7, 328.0, 433.4, 356.9]
det[1]: class=72 score=0.705 box=[210.3, 336.0, 277.9, 479.1]
Pre=2.22ms | Infer=217.46ms | Post=192.14ms | Total=411.82ms | FPS=2.43 | Mem=196.9 MB
[DBG] camera=1080x1920 | modelInput=640x640 | letterbox scale=0.3333 padX=140.00 padY=0.00 | rot=90 mirrored=false
Frame inference time: 215.04 ms | raw_in_boxes: 8400 | topK: 10 | final_detections: 2
det[0]: class=72 score=0.705 box=[210.2, 335.7, 278.2, 479.1]
det[1]: class=68 score=0.696 box=[381.8, 327.9, 433.3, 356.9]
Pre=2.31ms | Infer=215.04ms | Post=198.79ms | Total=416.14ms | FPS=2.40 | Mem=196.9 MB
Frame inference time: 215.60 ms | raw_in_boxes: 8400 | topK: 10 | final_detections: 2
det[0]: class=68 score=0.699 box=[381.7, 327.9, 433.6, 356.9]
det[1]: class=72 score=0.704 box=[210.2, 335.7, 278.2, 479.1]
Pre=2.23ms | Infer=215.60ms | Post=198.80ms | Total=416.63ms | FPS=2.40 | Mem=196.9 MB
FPS: 2.41 | Memory: 196.9 MB
Frame inference time: 220.10 ms | raw_in_boxes: 8400 | topK: 10 | final_detections: 3
det[0]: class=68 score=0.700 box=[381.7, 328.0, 433.5, 356.9]
det[1]: class=68 score=0.693 box=[211.9, 298.1, 280.5, 336.5]
det[2]: class=72 score=0.706 box=[210.3, 336.0, 277.9, 479.1]
Pre=2.29ms | Infer=220.10ms | Post=192.05ms | Total=414.44ms | FPS=2.41 | Mem=196.9 MB
Frame inference time: 215.82 ms | raw_in_boxes: 8400 | topK: 10 | final_detections: 2
det[0]: class=72 score=0.702 box=[210.3, 335.8, 278.2, 479.2]
det[1]: class=68 score=0.702 box=[381.7, 328.0, 433.6, 356.9]
Pre=2.35ms | Infer=215.82ms | Post=191.98ms | Total=410.15ms | FPS=2.44 | Mem=196.9 MB
Frame inference time: 213.36 ms | raw_in_boxes: 8400 | topK: 10 | final_detections: 3
det[0]: class=72 score=0.704 box=[210.2, 335.9, 278.0, 479.1]
det[1]: class=68 score=0.697 box=[381.8, 327.9, 433.3, 356.8]
det[2]: class=68 score=0.692 box=[212.0, 298.3, 280.3, 336.6]
Pre=2.27ms | Infer=213.36ms | Post=195.28ms | Total=410.91ms | FPS=2.43 | Mem=196.9 MB
FPS: 2.43 | Memory: 196.9 MB
Frame inference time: 217.32 ms | raw_in_boxes: 8400 | topK: 10 | final_detections: 2
det[0]: class=72 score=0.704 box=[210.3, 336.0, 278.0, 479.1]
det[1]: class=68 score=0.696 box=[381.7, 327.9, 433.4, 356.8]
Pre=2.64ms | Infer=217.32ms | Post=197.70ms | Total=417.67ms | FPS=2.39 | Mem=196.9 MB
Frame inference time: 213.94 ms | raw_in_boxes: 8400 | topK: 10 | final_detections: 2
det[0]: class=72 score=0.705 box=[210.3, 335.8, 278.0, 479.1]
det[1]: class=68 score=0.699 box=[381.7, 328.0, 433.4, 356.9]
Pre=2.26ms | Infer=213.94ms | Post=187.91ms | Total=404.10ms | FPS=2.47 | Mem=196.9 MB
Frame inference time: 211.31 ms | raw_in_boxes: 8400 | topK: 10 | final_detections: 3
det[0]: class=68 score=0.695 box=[381.7, 328.0, 433.4, 356.9]
det[1]: class=68 score=0.689 box=[211.9, 298.3, 280.1, 336.6]
det[2]: class=72 score=0.707 box=[210.3, 335.9, 277.9, 479.1]
Pre=2.38ms | Infer=211.31ms | Post=192.10ms | Total=405.78ms | FPS=2.46 | Mem=196.9 MB
FPS: 2.44 | Memory: 196.9 MB
Frame inference time: 213.00 ms | raw_in_boxes: 8400 | topK: 10 | final_detections: 2
det[0]: class=72 score=0.704 box=[210.3, 335.7, 278.4, 479.1]
det[1]: class=68 score=0.698 box=[381.7, 327.9, 433.4, 356.8]
Pre=2.22ms | Infer=213.00ms | Post=198.71ms | Total=413.93ms | FPS=2.42 | Mem=196.9 MB
Frame inference time: 218.02 ms | raw_in_boxes: 8400 | topK: 10 | final_detections: 2
det[0]: class=68 score=0.701 box=[381.7, 328.0, 433.5, 356.8]
det[1]: class=72 score=0.704 box=[210.3, 336.0, 277.7, 479.2]
Pre=2.20ms | Infer=218.02ms | Post=203.77ms | Total=423.99ms | FPS=2.36 | Mem=196.9 MB
Frame inference time: 210.17 ms | raw_in_boxes: 8400 | topK: 10 | final_detections: 2
det[0]: class=72 score=0.702 box=[210.3, 335.8, 278.0, 479.2]
det[1]: class=68 score=0.699 box=[381.8, 327.9, 433.5, 356.8]
Pre=2.14ms | Infer=210.17ms | Post=192.59ms | Total=404.90ms | FPS=2.47 | Mem=196.9 MB
FPS: 2.41 | Memory: 196.9 MB
Frame inference time: 209.23 ms | raw_in_boxes: 8400 | topK: 10 | final_detections: 2
det[0]: class=72 score=0.701 box=[210.2, 335.8, 278.4, 479.1]
det[1]: class=68 score=0.700 box=[381.7, 328.0, 433.4, 356.9]
Pre=2.54ms | Infer=209.23ms | Post=192.63ms | Total=404.40ms | FPS=2.47 | Mem=196.9 MB
Frame inference time: 209.96 ms | raw_in_boxes: 8400 | topK: 10 | final_detections: 2
det[0]: class=68 score=0.697 box=[381.7, 328.0, 433.5, 356.8]
det[1]: class=72 score=0.706 box=[210.3, 335.8, 278.5, 479.2]
Pre=2.11ms | Infer=209.96ms | Post=197.83ms | Total=409.89ms | FPS=2.44 | Mem=196.9 MB
Frame inference time: 208.88 ms | raw_in_boxes: 8400 | topK: 10 | final_detections: 3
det[0]: class=68 score=0.696 box=[381.8, 327.9, 433.3, 356.8]
det[1]: class=68 score=0.691 box=[212.1, 298.3, 280.6, 336.4]
det[2]: class=72 score=0.708 box=[210.2, 336.1, 278.3, 479.1]
Pre=2.31ms | Infer=208.88ms | Post=186.50ms | Total=397.69ms | FPS=2.51 | Mem=196.9 MB
FPS: 2.47 | Memory: 196.9 MB
Frame inference time: 210.42 ms | raw_in_boxes: 8400 | topK: 10 | final_detections: 2
det[0]: class=72 score=0.707 box=[210.2, 335.8, 278.2, 479.2]
det[1]: class=68 score=0.698 box=[381.7, 327.9, 433.4, 356.9]
Pre=2.29ms | Infer=210.42ms | Post=196.60ms | Total=409.31ms | FPS=2.44 | Mem=196.9 MB
Frame inference time: 212.73 ms | raw_in_boxes: 8400 | topK: 10 | final_detections: 2
det[0]: class=72 score=0.704 box=[210.2, 335.7, 278.1, 479.2]
det[1]: class=68 score=0.698 box=[381.7, 327.9, 433.4, 356.8]
Pre=2.26ms | Infer=212.73ms | Post=183.57ms | Total=398.56ms | FPS=2.51 | Mem=196.9 MB
Frame inference time: 212.19 ms | raw_in_boxes: 8400 | topK: 10 | final_detections: 2
det[0]: class=68 score=0.699 box=[381.7, 327.9, 433.4, 356.9]
det[1]: class=72 score=0.703 box=[210.3, 335.7, 278.1, 479.1]
Pre=2.12ms | Infer=212.19ms | Post=185.19ms | Total=399.50ms | FPS=2.50 | Mem=196.9 MB
FPS: 2.48 | Memory: 196.9 MB
Frame inference time: 211.96 ms | raw_in_boxes: 8400 | topK: 10 | final_detections: 2
det[0]: class=68 score=0.701 box=[381.7, 328.0, 433.5, 356.8]
det[1]: class=72 score=0.704 box=[210.3, 335.8, 278.0, 479.1]
Pre=2.26ms | Infer=211.96ms | Post=192.56ms | Total=406.78ms | FPS=2.46 | Mem=196.9 MB
Frame inference time: 208.83 ms | raw_in_boxes: 8400 | topK: 10 | final_detections: 2
det[0]: class=68 score=0.697 box=[381.7, 327.9, 433.5, 356.8]
det[1]: class=72 score=0.706 box=[210.4, 335.9, 277.9, 479.2]
Pre=2.37ms | Infer=208.83ms | Post=184.47ms | Total=395.67ms | FPS=2.53 | Mem=196.9 MB
Frame inference time: 208.50 ms | raw_in_boxes: 8400 | topK: 10 | final_detections: 2
det[0]: class=72 score=0.708 box=[210.3, 335.9, 278.1, 479.1]
det[1]: class=68 score=0.698 box=[381.7, 327.9, 433.5, 356.8]
Pre=2.34ms | Infer=208.50ms | Post=203.69ms | Total=414.53ms | FPS=2.41 | Mem=196.9 MB
FPS: 2.46 | Memory: 196.9 MB
Frame inference time: 209.26 ms | raw_in_boxes: 8400 | topK: 10 | final_detections: 2
det[0]: class=72 score=0.705 box=[210.3, 335.7, 278.0, 479.1]
det[1]: class=68 score=0.701 box=[381.7, 328.0, 433.4, 356.8]
Pre=2.31ms | Infer=209.26ms | Post=192.09ms | Total=403.65ms | FPS=2.48 | Mem=196.9 MB
Frame inference time: 213.25 ms | raw_in_boxes: 8400 | topK: 10 | final_detections: 2
det[0]: class=68 score=0.697 box=[381.7, 327.9, 433.3, 356.9]
det[1]: class=72 score=0.708 box=[210.2, 335.8, 278.2, 479.1]
Pre=2.15ms | Infer=213.25ms | Post=188.44ms | Total=403.84ms | FPS=2.48 | Mem=196.9 MB
Frame inference time: 213.62 ms | raw_in_boxes: 8400 | topK: 10 | final_detections: 2
det[0]: class=72 score=0.706 box=[210.3, 336.1, 277.9, 479.2]
det[1]: class=68 score=0.697 box=[381.7, 328.0, 433.3, 356.9]
Pre=2.16ms | Infer=213.62ms | Post=195.47ms | Total=411.26ms | FPS=2.43 | Mem=196.9 MB
FPS: 2.46 | Memory: 196.9 MB
Frame inference time: 209.51 ms | raw_in_boxes: 8400 | topK: 10 | final_detections: 2
det[0]: class=68 score=0.700 box=[381.7, 327.9, 433.5, 356.8]
det[1]: class=72 score=0.704 box=[210.3, 336.0, 277.7, 479.1]
Pre=2.67ms | Infer=209.51ms | Post=182.00ms | Total=394.17ms | FPS=2.54 | Mem=196.9 MB
Frame inference time: 209.07 ms | raw_in_boxes: 8400 | topK: 10 | final_detections: 3
det[0]: class=68 score=0.695 box=[211.9, 298.1, 281.0, 336.7]
det[1]: class=68 score=0.694 box=[381.7, 328.0, 433.2, 356.8]
det[2]: class=72 score=0.707 box=[210.3, 335.9, 278.0, 479.2]
Pre=2.33ms | Infer=209.07ms | Post=197.82ms | Total=409.22ms | FPS=2.44 | Mem=196.9 MB
Frame inference time: 210.85 ms | raw_in_boxes: 8400 | topK: 10 | final_detections: 3
det[0]: class=68 score=0.697 box=[381.7, 327.9, 433.4, 356.9]
det[1]: class=68 score=0.691 box=[212.0, 298.4, 279.9, 336.4]
det[2]: class=72 score=0.706 box=[210.3, 336.0, 277.7, 479.2]
Pre=2.54ms | Infer=210.85ms | Post=183.84ms | Total=397.24ms | FPS=2.52 | Mem=196.9 MB
FPS: 2.50 | Memory: 196.9 MB
Frame inference time: 206.37 ms | raw_in_boxes: 8400 | topK: 10 | final_detections: 2
det[0]: class=68 score=0.699 box=[381.7, 327.9, 433.4, 356.7]
det[1]: class=72 score=0.703 box=[210.2, 335.9, 278.1, 479.1]
Pre=2.22ms | Infer=206.37ms | Post=184.41ms | Total=393.00ms | FPS=2.54 | Mem=196.9 MB
Frame inference time: 212.88 ms | raw_in_boxes: 8400 | topK: 10 | final_detections: 2
det[0]: class=72 score=0.705 box=[210.2, 335.6, 278.6, 479.1]
det[1]: class=68 score=0.697 box=[381.7, 328.0, 433.4, 356.9]
Pre=2.17ms | Infer=212.88ms | Post=192.60ms | Total=407.65ms | FPS=2.45 | Mem=196.9 MB
Frame inference time: 208.44 ms | raw_in_boxes: 8400 | topK: 10 | final_detections: 2
det[0]: class=72 score=0.704 box=[210.3, 336.0, 277.9, 479.1]
det[1]: class=68 score=0.699 box=[381.8, 328.0, 433.4, 356.7]
Pre=2.62ms | Infer=208.44ms | Post=183.19ms | Total=394.25ms | FPS=2.54 | Mem=196.9 MB
FPS: 2.51 | Memory: 196.9 MB
Frame inference time: 208.72 ms | raw_in_boxes: 8400 | topK: 10 | final_detections: 3
det[0]: class=72 score=0.707 box=[210.3, 335.9, 278.0, 479.1]
det[1]: class=68 score=0.697 box=[381.7, 328.0, 433.3, 356.8]
det[2]: class=68 score=0.693 box=[212.0, 298.2, 280.5, 336.5]
Pre=2.23ms | Infer=208.72ms | Post=198.39ms | Total=409.34ms | FPS=2.44 | Mem=196.9 MB
[DBG] camera=1080x1920 | modelInput=640x640 | letterbox scale=0.3333 padX=140.00 padY=0.00 | rot=90 mirrored=false
Frame inference time: 217.37 ms | raw_in_boxes: 8400 | topK: 10 | final_detections: 2
det[0]: class=68 score=0.699 box=[381.7, 328.0, 433.5, 356.9]
det[1]: class=72 score=0.706 box=[210.2, 335.7, 278.5, 479.1]
Pre=2.31ms | Infer=217.37ms | Post=185.26ms | Total=404.94ms | FPS=2.47 | Mem=196.9 MB
Frame inference time: 211.32 ms | raw_in_boxes: 8400 | topK: 10 | final_detections: 2
det[0]: class=68 score=0.697 box=[381.7, 327.9, 433.4, 356.8]
det[1]: class=72 score=0.706 box=[210.3, 336.0, 278.0, 479.2]
Pre=2.15ms | Infer=211.32ms | Post=185.35ms | Total=398.81ms | FPS=2.51 | Mem=196.9 MB
FPS: 2.47 | Memory: 196.9 MB
Frame inference time: 213.63 ms | raw_in_boxes: 8400 | topK: 10 | final_detections: 3
det[0]: class=68 score=0.694 box=[381.7, 327.9, 433.4, 356.8]
det[1]: class=68 score=0.688 box=[211.8, 298.4, 279.7, 336.6]
det[2]: class=72 score=0.704 box=[210.3, 335.8, 278.2, 479.1]
Pre=2.20ms | Infer=213.63ms | Post=190.63ms | Total=406.46ms | FPS=2.46 | Mem=196.9 MB
Frame inference time: 209.46 ms | raw_in_boxes: 8400 | topK: 10 | final_detections: 3
det[0]: class=72 score=0.701 box=[210.3, 335.6, 278.1, 479.2]
det[1]: class=68 score=0.694 box=[381.7, 327.9, 433.2, 356.8]
det[2]: class=68 score=0.694 box=[211.9, 298.1, 280.4, 336.8]
Pre=2.32ms | Infer=209.46ms | Post=183.54ms | Total=395.32ms | FPS=2.53 | Mem=196.9 MB
Frame inference time: 222.73 ms | raw_in_boxes: 8400 | topK: 10 | final_detections: 2
det[0]: class=68 score=0.698 box=[381.7, 327.9, 433.5, 356.9]
det[1]: class=72 score=0.707 box=[210.2, 335.8, 278.1, 479.1]
Pre=2.25ms | Infer=222.73ms | Post=200.06ms | Total=425.04ms | FPS=2.35 | Mem=196.9 MB
FPS: 2.44 | Memory: 196.9 MB
Frame inference time: 208.98 ms | raw_in_boxes: 8400 | topK: 10 | final_detections: 3
det[0]: class=68 score=0.696 box=[381.7, 327.9, 433.3, 356.9]
det[1]: class=68 score=0.691 box=[211.9, 298.0, 280.4, 336.6]
det[2]: class=72 score=0.706 box=[210.2, 335.7, 278.2, 479.2]
Pre=2.19ms | Infer=208.98ms | Post=184.46ms | Total=395.63ms | FPS=2.53 | Mem=196.9 MB
Frame inference time: 204.41 ms | raw_in_boxes: 8400 | topK: 10 | final_detections: 2
det[0]: class=68 score=0.703 box=[381.7, 328.0, 433.6, 357.0]
det[1]: class=72 score=0.706 box=[210.3, 335.6, 278.2, 479.1]
Pre=2.50ms | Infer=204.41ms | Post=197.34ms | Total=404.26ms | FPS=2.47 | Mem=196.9 MB
Frame inference time: 216.58 ms | raw_in_boxes: 8400 | topK: 10 | final_detections: 3
det[0]: class=68 score=0.696 box=[381.7, 327.9, 433.4, 356.9]
det[1]: class=68 score=0.695 box=[212.0, 298.2, 280.3, 336.7]
det[2]: class=72 score=0.702 box=[210.2, 335.8, 278.1, 479.1]
Pre=2.98ms | Infer=216.58ms | Post=199.19ms | Total=418.75ms | FPS=2.39 | Mem=196.9 MB
FPS: 2.45 | Memory: 196.9 MB
Frame inference time: 209.73 ms | raw_in_boxes: 8400 | topK: 10 | final_detections: 2
det[0]: class=68 score=0.696 box=[381.7, 327.9, 433.4, 356.9]
det[1]: class=72 score=0.708 box=[210.3, 336.0, 277.9, 479.1]
Pre=2.31ms | Infer=209.73ms | Post=219.66ms | Total=431.70ms | FPS=2.32 | Mem=196.9 MB
Frame inference time: 219.33 ms | raw_in_boxes: 8400 | topK: 10 | final_detections: 2
det[0]: class=68 score=0.698 box=[381.8, 328.0, 433.3, 356.8]
det[1]: class=72 score=0.706 box=[210.3, 335.9, 278.1, 479.1]
Pre=2.31ms | Infer=219.33ms | Post=192.58ms | Total=414.22ms | FPS=2.41 | Mem=196.9 MB
Inference time stats (n=100): mean=213.38 ms | p95=229.41 ms
Frame inference time: 215.45 ms | raw_in_boxes: 8400 | topK: 10 | final_detections: 2
det[0]: class=72 score=0.701 box=[210.2, 335.9, 278.1, 479.1]
det[1]: class=68 score=0.700 box=[381.7, 327.9, 433.5, 356.9]
Pre=2.31ms | Infer=215.45ms | Post=199.92ms | Total=417.68ms | FPS=2.39 | Mem=196.9 MB
FPS: 2.37 | Memory: 196.9 MB
Frame inference time: 211.57 ms | raw_in_boxes: 8400 | topK: 10 | final_detections: 2
det[0]: class=72 score=0.705 box=[210.2, 335.8, 278.3, 479.1]
det[1]: class=68 score=0.698 box=[381.7, 327.9, 433.4, 356.8]
Pre=2.43ms | Infer=211.57ms | Post=203.91ms | Total=417.91ms | FPS=2.39 | Mem=196.9 MB
Frame inference time: 208.98 ms | raw_in_boxes: 8400 | topK: 10 | final_detections: 2
det[0]: class=72 score=0.707 box=[210.3, 335.9, 278.0, 479.1]
det[1]: class=68 score=0.700 box=[381.8, 327.9, 433.6, 356.9]
Pre=2.01ms | Infer=208.98ms | Post=184.40ms | Total=395.39ms | FPS=2.53 | Mem=196.9 MB
Frame inference time: 220.98 ms | raw_in_boxes: 8400 | topK: 10 | final_detections: 3
det[0]: class=68 score=0.697 box=[381.7, 328.0, 433.4, 356.9]
det[1]: class=68 score=0.691 box=[211.9, 298.1, 280.4, 336.6]
det[2]: class=72 score=0.707 box=[210.3, 336.0, 277.9, 479.1]
Pre=2.28ms | Infer=220.98ms | Post=190.60ms | Total=413.85ms | FPS=2.42 | Mem=196.9 MB
FPS: 2.44 | Memory: 196.9 MB
Frame inference time: 208.90 ms | raw_in_boxes: 8400 | topK: 10 | final_detections: 2
det[0]: class=72 score=0.705 box=[210.3, 335.8, 278.3, 479.1]
det[1]: class=68 score=0.704 box=[381.7, 328.0, 433.6, 356.8]
Pre=2.20ms | Infer=208.90ms | Post=193.05ms | Total=404.16ms | FPS=2.47 | Mem=196.9 MB
Frame inference time: 210.40 ms | raw_in_boxes: 8400 | topK: 10 | final_detections: 2
det[0]: class=68 score=0.696 box=[381.8, 328.0, 433.2, 356.9]
det[1]: class=72 score=0.702 box=[210.2, 335.7, 278.0, 479.2]
Pre=2.32ms | Infer=210.40ms | Post=191.00ms | Total=403.71ms | FPS=2.48 | Mem=196.9 MB
Frame inference time: 206.17 ms | raw_in_boxes: 8400 | topK: 10 | final_detections: 2
det[0]: class=68 score=0.697 box=[381.7, 328.0, 433.4, 356.9]
det[1]: class=72 score=0.707 box=[210.3, 335.9, 278.2, 479.1]
Pre=2.26ms | Infer=206.17ms | Post=202.59ms | Total=411.01ms | FPS=2.43 | Mem=196.9 MB
FPS: 2.46 | Memory: 196.9 MB
Frame inference time: 210.62 ms | raw_in_boxes: 8400 | topK: 10 | final_detections: 2
det[0]: class=68 score=0.700 box=[381.8, 327.9, 433.5, 356.9]
det[1]: class=72 score=0.703 box=[210.3, 335.6, 278.5, 479.2]
Pre=2.13ms | Infer=210.62ms | Post=184.26ms | Total=397.00ms | FPS=2.52 | Mem=196.9 MB
Frame inference time: 211.82 ms | raw_in_boxes: 8400 | topK: 10 | final_detections: 2
det[0]: class=68 score=0.698 box=[381.7, 327.9, 433.3, 356.9]
det[1]: class=72 score=0.706 box=[210.3, 335.8, 278.4, 479.1]
Pre=2.24ms | Infer=211.82ms | Post=193.50ms | Total=407.56ms | FPS=2.45 | Mem=196.9 MB
Frame inference time: 214.20 ms | raw_in_boxes: 8400 | topK: 10 | final_detections: 3
det[0]: class=68 score=0.704 box=[381.8, 328.0, 433.5, 356.8]
det[1]: class=68 score=0.694 box=[211.9, 298.1, 280.3, 336.6]
det[2]: class=72 score=0.702 box=[210.3, 335.8, 278.0, 479.1]
Pre=2.40ms | Infer=214.20ms | Post=192.54ms | Total=409.14ms | FPS=2.44 | Mem=196.9 MB
FPS: 2.47 | Memory: 196.9 MB
Frame inference time: 209.85 ms | raw_in_boxes: 8400 | topK: 10 | final_detections: 2
det[0]: class=68 score=0.699 box=[381.7, 328.0, 433.5, 356.9]
det[1]: class=72 score=0.702 box=[210.3, 335.7, 278.3, 479.2]
Pre=2.18ms | Infer=209.85ms | Post=182.59ms | Total=394.62ms | FPS=2.53 | Mem=196.9 MB
Frame inference time: 209.33 ms | raw_in_boxes: 8400 | topK: 10 | final_detections: 2
det[0]: class=68 score=0.699 box=[381.7, 327.9, 433.4, 356.9]
det[1]: class=72 score=0.705 box=[210.3, 335.7, 278.3, 479.1]
Pre=2.30ms | Infer=209.33ms | Post=199.04ms | Total=410.66ms | FPS=2.44 | Mem=196.9 MB
Frame inference time: 209.53 ms | raw_in_boxes: 8400 | topK: 10 | final_detections: 3
det[0]: class=72 score=0.704 box=[210.3, 335.9, 277.8, 479.2]
det[1]: class=68 score=0.695 box=[381.7, 327.9, 433.4, 356.9]
det[2]: class=68 score=0.691 box=[211.9, 298.3, 280.0, 336.4]
Pre=2.26ms | Infer=209.53ms | Post=185.80ms | Total=397.60ms | FPS=2.52 | Mem=196.9 MB
FPS: 2.49 | Memory: 196.9 MB
Frame inference time: 208.95 ms | raw_in_boxes: 8400 | topK: 10 | final_detections: 2
det[0]: class=72 score=0.708 box=[210.3, 336.0, 278.0, 479.1]
det[1]: class=68 score=0.697 box=[381.7, 328.0, 433.4, 356.9]
Pre=2.28ms | Infer=208.95ms | Post=184.15ms | Total=395.38ms | FPS=2.53 | Mem=196.9 MB
Frame inference time: 214.72 ms | raw_in_boxes: 8400 | topK: 10 | final_detections: 3
det[0]: class=72 score=0.703 box=[210.3, 336.1, 277.7, 479.1]
det[1]: class=68 score=0.698 box=[381.8, 327.9, 433.5, 356.8]
det[2]: class=68 score=0.694 box=[211.8, 298.3, 279.5, 336.7]
Pre=2.18ms | Infer=214.72ms | Post=192.73ms | Total=409.63ms | FPS=2.44 | Mem=196.9 MB
Frame inference time: 209.54 ms | raw_in_boxes: 8400 | topK: 10 | final_detections: 2
det[0]: class=72 score=0.706 box=[210.3, 335.8, 278.2, 479.1]
det[1]: class=68 score=0.696 box=[381.7, 327.9, 433.4, 356.9]
Pre=2.70ms | Infer=209.54ms | Post=181.94ms | Total=394.18ms | FPS=2.54 | Mem=196.9 MB
FPS: 2.50 | Memory: 196.9 MB
Frame inference time: 208.02 ms | raw_in_boxes: 8400 | topK: 10 | final_detections: 3
det[0]: class=68 score=0.696 box=[381.7, 327.9, 433.4, 356.9]
det[1]: class=68 score=0.691 box=[212.0, 298.3, 280.4, 336.6]
det[2]: class=72 score=0.704 box=[210.2, 335.8, 278.4, 479.1]
Pre=2.19ms | Infer=208.02ms | Post=205.87ms | Total=416.07ms | FPS=2.40 | Mem=196.9 MB
Frame inference time: 215.01 ms | raw_in_boxes: 8400 | topK: 10 | final_detections: 2
det[0]: class=68 score=0.700 box=[381.7, 327.9, 433.5, 356.8]
det[1]: class=72 score=0.706 box=[210.3, 336.1, 278.0, 479.2]
Pre=2.19ms | Infer=215.01ms | Post=182.18ms | Total=399.38ms | FPS=2.50 | Mem=196.9 MB
Frame inference time: 210.41 ms | raw_in_boxes: 8400 | topK: 10 | final_detections: 2
det[0]: class=68 score=0.700 box=[381.8, 328.0, 433.6, 356.9]
det[1]: class=72 score=0.703 box=[210.3, 335.7, 278.9, 479.2]
Pre=2.19ms | Infer=210.41ms | Post=186.00ms | Total=398.60ms | FPS=2.51 | Mem=196.9 MB
FPS: 2.47 | Memory: 196.9 MB
Frame inference time: 214.86 ms | raw_in_boxes: 8400 | topK: 10 | final_detections: 2
det[0]: class=68 score=0.698 box=[381.7, 327.9, 433.4, 356.8]
det[1]: class=72 score=0.703 box=[210.3, 335.5, 278.6, 479.1]
Pre=2.10ms | Infer=214.86ms | Post=192.37ms | Total=409.32ms | FPS=2.44 | Mem=196.9 MB
[DBG] camera=1080x1920 | modelInput=640x640 | letterbox scale=0.3333 padX=140.00 padY=0.00 | rot=90 mirrored=false
Frame inference time: 206.12 ms | raw_in_boxes: 8400 | topK: 10 | final_detections: 2
det[0]: class=68 score=0.697 box=[381.7, 328.0, 433.5, 356.9]
det[1]: class=72 score=0.705 box=[210.3, 335.9, 278.2, 479.1]
Pre=2.16ms | Infer=206.12ms | Post=184.74ms | Total=393.03ms | FPS=2.54 | Mem=196.9 MB
Frame inference time: 215.20 ms | raw_in_boxes: 8400 | topK: 10 | final_detections: 3
det[0]: class=68 score=0.697 box=[381.7, 328.0, 433.5, 356.9]
det[1]: class=68 score=0.691 box=[211.9, 298.1, 280.2, 336.6]
det[2]: class=72 score=0.707 box=[210.3, 336.0, 278.1, 479.2]
Pre=2.40ms | Infer=215.20ms | Post=196.17ms | Total=413.77ms | FPS=2.42 | Mem=196.9 MB
FPS: 2.46 | Memory: 196.9 MB
Frame inference time: 215.69 ms | raw_in_boxes: 8400 | topK: 10 | final_detections: 2
det[0]: class=68 score=0.700 box=[381.7, 327.9, 433.4, 356.8]
det[1]: class=72 score=0.705 box=[210.2, 335.9, 278.2, 479.0]
Pre=2.30ms | Infer=215.69ms | Post=183.03ms | Total=401.01ms | FPS=2.49 | Mem=196.9 MB
Frame inference time: 210.14 ms | raw_in_boxes: 8400 | topK: 10 | final_detections: 2
det[0]: class=72 score=0.701 box=[210.3, 335.9, 278.1, 479.1]
det[1]: class=68 score=0.700 box=[381.8, 327.9, 433.5, 356.7]
Pre=2.08ms | Infer=210.14ms | Post=202.27ms | Total=414.48ms | FPS=2.41 | Mem=196.9 MB
Frame inference time: 213.67 ms | raw_in_boxes: 8400 | topK: 10 | final_detections: 3
det[0]: class=68 score=0.697 box=[381.7, 328.0, 433.4, 356.7]
det[1]: class=68 score=0.690 box=[211.8, 298.1, 280.0, 336.6]
det[2]: class=72 score=0.703 box=[210.3, 335.8, 277.9, 479.1]
Pre=1.94ms | Infer=213.67ms | Post=185.27ms | Total=400.88ms | FPS=2.49 | Mem=196.9 MB
FPS: 2.46 | Memory: 196.9 MB
Frame inference time: 209.37 ms | raw_in_boxes: 8400 | topK: 10 | final_detections: 2
det[0]: class=68 score=0.698 box=[381.8, 328.0, 433.4, 357.0]
det[1]: class=72 score=0.703 box=[210.3, 335.7, 278.5, 479.1]
Pre=2.28ms | Infer=209.37ms | Post=183.33ms | Total=394.98ms | FPS=2.53 | Mem=196.9 MB
Frame inference time: 210.65 ms | raw_in_boxes: 8400 | topK: 10 | final_detections: 2
det[0]: class=72 score=0.707 box=[210.3, 335.9, 278.1, 479.0]
det[1]: class=68 score=0.696 box=[381.7, 328.0, 433.4, 356.8]
Pre=2.24ms | Infer=210.65ms | Post=194.99ms | Total=407.87ms | FPS=2.45 | Mem=196.9 MB
Frame inference time: 210.54 ms | raw_in_boxes: 8400 | topK: 10 | final_detections: 3
det[0]: class=68 score=0.695 box=[381.7, 327.9, 433.3, 356.9]
det[1]: class=68 score=0.692 box=[212.0, 298.2, 280.1, 336.8]
det[2]: class=72 score=0.698 box=[210.3, 335.6, 278.0, 479.2]
Pre=2.38ms | Infer=210.54ms | Post=182.17ms | Total=395.08ms | FPS=2.53 | Mem=196.9 MB
FPS: 2.50 | Memory: 196.9 MB
Frame inference time: 210.67 ms | raw_in_boxes: 8400 | topK: 10 | final_detections: 3
det[0]: class=72 score=0.703 box=[210.3, 335.8, 277.9, 479.1]
det[1]: class=68 score=0.696 box=[381.8, 327.9, 433.4, 356.9]
det[2]: class=68 score=0.693 box=[212.0, 298.0, 280.2, 336.7]
Pre=2.24ms | Infer=210.67ms | Post=196.61ms | Total=409.53ms | FPS=2.44 | Mem=196.9 MB
Frame inference time: 216.13 ms | raw_in_boxes: 8400 | topK: 10 | final_detections: 3
det[0]: class=68 score=0.696 box=[381.7, 327.9, 433.3, 356.8]
det[1]: class=68 score=0.689 box=[212.2, 298.2, 279.6, 336.2]
det[2]: class=72 score=0.704 box=[210.3, 335.9, 278.0, 479.1]
Pre=2.68ms | Infer=216.13ms | Post=182.32ms | Total=401.13ms | FPS=2.49 | Mem=196.9 MB
Frame inference time: 205.75 ms | raw_in_boxes: 8400 | topK: 10 | final_detections: 3
det[0]: class=72 score=0.704 box=[210.2, 335.9, 278.1, 479.1]
det[1]: class=68 score=0.695 box=[381.7, 327.9, 433.4, 356.9]
det[2]: class=68 score=0.692 box=[212.1, 298.4, 279.8, 336.4]
Pre=2.27ms | Infer=205.75ms | Post=185.09ms | Total=393.11ms | FPS=2.54 | Mem=196.9 MB
FPS: 2.49 | Memory: 196.9 MB
Frame inference time: 209.50 ms | raw_in_boxes: 8400 | topK: 10 | final_detections: 3
det[0]: class=72 score=0.705 box=[210.2, 335.7, 278.3, 479.1]
det[1]: class=68 score=0.698 box=[381.8, 328.0, 433.5, 356.7]
det[2]: class=68 score=0.694 box=[212.0, 298.3, 280.3, 336.6]
Pre=2.47ms | Infer=209.50ms | Post=193.59ms | Total=405.57ms | FPS=2.47 | Mem=196.9 MB
Frame inference time: 214.07 ms | raw_in_boxes: 8400 | topK: 10 | final_detections: 2
det[0]: class=72 score=0.703 box=[210.3, 335.9, 277.9, 479.1]
det[1]: class=68 score=0.693 box=[381.7, 328.0, 433.4, 356.8]
Pre=2.37ms | Infer=214.07ms | Post=182.82ms | Total=399.26ms | FPS=2.50 | Mem=196.9 MB
Frame inference time: 210.94 ms | raw_in_boxes: 8400 | topK: 10 | final_detections: 2
det[0]: class=72 score=0.706 box=[210.4, 336.0, 277.7, 479.1]
det[1]: class=68 score=0.698 box=[381.7, 328.0, 433.6, 357.0]
Pre=2.25ms | Infer=210.94ms | Post=199.22ms | Total=412.41ms | FPS=2.42 | Mem=196.9 MB
FPS: 2.46 | Memory: 196.9 MB
Frame inference time: 213.05 ms | raw_in_boxes: 8400 | topK: 10 | final_detections: 2
det[0]: class=68 score=0.697 box=[381.7, 328.0, 433.5, 356.9]
det[1]: class=72 score=0.705 box=[210.3, 335.9, 277.8, 479.1]
Pre=2.20ms | Infer=213.05ms | Post=184.07ms | Total=399.32ms | FPS=2.50 | Mem=196.9 MB
Frame inference time: 208.97 ms | raw_in_boxes: 8400 | topK: 10 | final_detections: 2
det[0]: class=68 score=0.702 box=[381.7, 328.0, 433.6, 356.8]
det[1]: class=72 score=0.707 box=[210.3, 336.0, 278.0, 479.1]
Pre=2.29ms | Infer=208.97ms | Post=182.41ms | Total=393.67ms | FPS=2.54 | Mem=196.9 MB
Frame inference time: 206.16 ms | raw_in_boxes: 8400 | topK: 10 | final_detections: 3
det[0]: class=68 score=0.697 box=[381.8, 328.0, 433.4, 356.8]
det[1]: class=68 score=0.693 box=[211.8, 298.1, 280.1, 336.7]
det[2]: class=72 score=0.696 box=[210.2, 335.3, 278.8, 479.2]
Pre=2.35ms | Infer=206.16ms | Post=192.89ms | Total=401.41ms | FPS=2.49 | Mem=196.9 MB
FPS: 2.51 | Memory: 196.9 MB
Frame inference time: 211.72 ms | raw_in_boxes: 8400 | topK: 10 | final_detections: 3
det[0]: class=68 score=0.698 box=[381.8, 327.9, 433.5, 356.9]
det[1]: class=68 score=0.696 box=[212.0, 298.1, 280.4, 336.8]
det[2]: class=72 score=0.704 box=[210.3, 335.9, 277.8, 479.1]
Pre=2.84ms | Infer=211.72ms | Post=185.02ms | Total=399.57ms | FPS=2.50 | Mem=196.9 MB
Frame inference time: 206.73 ms | raw_in_boxes: 8400 | topK: 10 | final_detections: 3
det[0]: class=72 score=0.701 box=[210.2, 335.6, 278.3, 479.2]
det[1]: class=68 score=0.699 box=[381.7, 328.0, 433.4, 356.8]
det[2]: class=68 score=0.694 box=[211.9, 298.2, 280.4, 336.5]
Pre=2.66ms | Infer=206.73ms | Post=205.32ms | Total=414.71ms | FPS=2.41 | Mem=196.9 MB
Frame inference time: 210.91 ms | raw_in_boxes: 8400 | topK: 10 | final_detections: 2
det[0]: class=72 score=0.707 box=[210.3, 335.9, 278.1, 479.1]
det[1]: class=68 score=0.699 box=[381.7, 328.0, 433.4, 357.0]
Pre=2.40ms | Infer=210.91ms | Post=183.69ms | Total=397.00ms | FPS=2.52 | Mem=196.9 MB
FPS: 2.47 | Memory: 196.9 MB
Frame inference time: 209.14 ms | raw_in_boxes: 8400 | topK: 10 | final_detections: 2
det[0]: class=72 score=0.707 box=[210.3, 335.8, 278.5, 479.1]
det[1]: class=68 score=0.697 box=[381.7, 328.0, 433.4, 356.9]
Pre=2.24ms | Infer=209.14ms | Post=184.19ms | Total=395.58ms | FPS=2.53 | Mem=196.9 MB
Frame inference time: 218.65 ms | raw_in_boxes: 8400 | topK: 10 | final_detections: 2
det[0]: class=72 score=0.705 box=[210.2, 335.9, 278.2, 479.1]
det[1]: class=68 score=0.701 box=[381.8, 327.9, 433.5, 356.9]
Pre=2.19ms | Infer=218.65ms | Post=192.65ms | Total=413.49ms | FPS=2.42 | Mem=196.9 MB
Frame inference time: 208.44 ms | raw_in_boxes: 8400 | topK: 10 | final_detections: 2
det[0]: class=68 score=0.701 box=[381.7, 327.9, 433.5, 356.8]
det[1]: class=72 score=0.707 box=[210.3, 336.0, 277.9, 479.1]
Pre=2.37ms | Infer=208.44ms | Post=183.45ms | Total=394.26ms | FPS=2.54 | Mem=196.9 MB
FPS: 2.49 | Memory: 196.9 MB
Frame inference time: 209.17 ms | raw_in_boxes: 8400 | topK: 10 | final_detections: 2
det[0]: class=72 score=0.704 box=[210.2, 335.7, 278.2, 479.1]
det[1]: class=68 score=0.700 box=[381.7, 327.9, 433.6, 356.9]
Pre=2.26ms | Infer=209.17ms | Post=202.17ms | Total=413.61ms | FPS=2.42 | Mem=196.9 MB
Frame inference time: 207.98 ms | raw_in_boxes: 8400 | topK: 10 | final_detections: 3
det[0]: class=72 score=0.705 box=[210.3, 335.7, 278.1, 479.1]
det[1]: class=68 score=0.695 box=[212.0, 298.3, 280.5, 336.8]
det[2]: class=68 score=0.694 box=[381.7, 327.9, 433.3, 356.9]
Pre=2.13ms | Infer=207.98ms | Post=187.72ms | Total=397.83ms | FPS=2.51 | Mem=196.9 MB
Frame inference time: 208.35 ms | raw_in_boxes: 8400 | topK: 10 | final_detections: 3
det[0]: class=72 score=0.706 box=[210.3, 335.7, 278.5, 479.1]
det[1]: class=68 score=0.698 box=[381.7, 327.9, 433.4, 356.9]
det[2]: class=68 score=0.694 box=[212.0, 298.3, 279.6, 336.4]
Pre=2.22ms | Infer=208.35ms | Post=184.62ms | Total=395.19ms | FPS=2.53 | Mem=196.9 MB
FPS: 2.48 | Memory: 196.9 MB
Frame inference time: 213.86 ms | raw_in_boxes: 8400 | topK: 10 | final_detections: 3
det[0]: class=68 score=0.695 box=[381.7, 328.0, 433.3, 356.8]
det[1]: class=68 score=0.690 box=[212.0, 298.3, 279.8, 336.6]
det[2]: class=72 score=0.707 box=[210.2, 335.8, 278.1, 479.1]
Pre=2.30ms | Infer=213.86ms | Post=193.89ms | Total=410.05ms | FPS=2.44 | Mem=196.9 MB
Frame inference time: 216.28 ms | raw_in_boxes: 8400 | topK: 10 | final_detections: 2
det[0]: class=72 score=0.710 box=[210.2, 335.8, 278.1, 479.2]
det[1]: class=68 score=0.696 box=[381.7, 328.0, 433.4, 356.9]
Pre=2.48ms | Infer=216.28ms | Post=181.48ms | Total=400.24ms | FPS=2.50 | Mem=196.9 MB
Frame inference time: 212.40 ms | raw_in_boxes: 8400 | topK: 10 | final_detections: 2
det[0]: class=72 score=0.704 box=[210.3, 335.9, 278.0, 479.1]
det[1]: class=68 score=0.694 box=[381.8, 328.0, 433.3, 356.9]
Pre=2.22ms | Infer=212.40ms | Post=202.29ms | Total=416.91ms | FPS=2.40 | Mem=196.9 MB
FPS: 2.44 | Memory: 196.9 MB
Frame inference time: 207.96 ms | raw_in_boxes: 8400 | topK: 10 | final_detections: 2
det[0]: class=72 score=0.704 box=[210.3, 336.0, 277.9, 479.1]
det[1]: class=68 score=0.701 box=[381.7, 328.0, 433.5, 356.8]
Pre=2.36ms | Infer=207.96ms | Post=182.70ms | Total=393.01ms | FPS=2.54 | Mem=196.9 MB
[DBG] camera=1080x1920 | modelInput=640x640 | letterbox scale=0.3333 padX=140.00 padY=0.00 | rot=90 mirrored=false
Frame inference time: 210.05 ms | raw_in_boxes: 8400 | topK: 10 | final_detections: 2
det[0]: class=72 score=0.704 box=[210.3, 335.9, 278.0, 479.2]
det[1]: class=68 score=0.700 box=[381.8, 328.0, 433.6, 356.8]
Pre=2.23ms | Infer=210.05ms | Post=184.50ms | Total=396.78ms | FPS=2.52 | Mem=196.9 MB
Frame inference time: 216.24 ms | raw_in_boxes: 8400 | topK: 10 | final_detections: 2
det[0]: class=72 score=0.701 box=[210.3, 335.9, 277.9, 479.1]
det[1]: class=68 score=0.698 box=[381.8, 327.9, 433.5, 356.8]
Pre=2.23ms | Infer=216.24ms | Post=194.38ms | Total=412.85ms | FPS=2.42 | Mem=196.9 MB
FPS: 2.49 | Memory: 196.9 MB
Frame inference time: 215.73 ms | raw_in_boxes: 8400 | topK: 10 | final_detections: 2
det[0]: class=68 score=0.697 box=[381.7, 327.9, 433.5, 356.9]
det[1]: class=72 score=0.706 box=[210.3, 336.0, 277.9, 479.1]
Pre=2.15ms | Infer=215.73ms | Post=197.43ms | Total=415.31ms | FPS=2.41 | Mem=196.9 MB
Frame inference time: 211.42 ms | raw_in_boxes: 8400 | topK: 10 | final_detections: 2
det[0]: class=68 score=0.698 box=[381.8, 328.1, 433.5, 356.8]
det[1]: class=72 score=0.700 box=[210.3, 335.8, 278.1, 479.1]
Pre=2.27ms | Infer=211.42ms | Post=203.48ms | Total=417.17ms | FPS=2.40 | Mem=196.9 MB
Frame inference time: 214.16 ms | raw_in_boxes: 8400 | topK: 10 | final_detections: 2
det[0]: class=72 score=0.705 box=[210.3, 335.9, 277.7, 479.1]
det[1]: class=68 score=0.701 box=[381.7, 327.9, 433.7, 356.8]
Pre=2.28ms | Infer=214.16ms | Post=191.79ms | Total=408.24ms | FPS=2.45 | Mem=196.9 MB
FPS: 2.42 | Memory: 196.9 MB
Frame inference time: 210.13 ms | raw_in_boxes: 8400 | topK: 10 | final_detections: 2
det[0]: class=72 score=0.703 box=[210.3, 335.9, 278.0, 479.2]
det[1]: class=68 score=0.701 box=[381.8, 328.0, 433.5, 356.8]
Pre=2.70ms | Infer=210.13ms | Post=186.97ms | Total=399.81ms | FPS=2.50 | Mem=196.9 MB
Frame inference time: 207.84 ms | raw_in_boxes: 8400 | topK: 10 | final_detections: 3
det[0]: class=68 score=0.698 box=[381.8, 328.0, 433.5, 356.9]
det[1]: class=68 score=0.694 box=[212.0, 298.1, 280.4, 336.8]
det[2]: class=72 score=0.702 box=[210.3, 335.8, 278.1, 479.1]
Pre=2.70ms | Infer=207.84ms | Post=192.48ms | Total=403.03ms | FPS=2.48 | Mem=196.9 MB
Frame inference time: 215.40 ms | raw_in_boxes: 8400 | topK: 10 | final_detections: 3
det[0]: class=72 score=0.708 box=[210.3, 336.0, 278.0, 479.1]
det[1]: class=68 score=0.696 box=[381.8, 328.0, 433.4, 356.9]
det[2]: class=68 score=0.694 box=[212.0, 298.2, 279.6, 336.6]
Pre=2.38ms | Infer=215.40ms | Post=186.27ms | Total=404.05ms | FPS=2.47 | Mem=196.9 MB
FPS: 2.48 | Memory: 196.9 MB
Frame inference time: 208.07 ms | raw_in_boxes: 8400 | topK: 10 | final_detections: 2
det[0]: class=68 score=0.698 box=[381.8, 328.0, 433.5, 356.8]
det[1]: class=72 score=0.704 box=[210.3, 335.8, 278.1, 479.1]
Pre=2.39ms | Infer=208.07ms | Post=201.37ms | Total=411.82ms | FPS=2.43 | Mem=196.9 MB
Frame inference time: 208.08 ms | raw_in_boxes: 8400 | topK: 10 | final_detections: 2
det[0]: class=72 score=0.704 box=[210.2, 335.8, 278.1, 479.1]
det[1]: class=68 score=0.700 box=[381.7, 327.9, 433.5, 356.8]
Pre=2.12ms | Infer=208.08ms | Post=184.27ms | Total=394.48ms | FPS=2.53 | Mem=196.9 MB
Frame inference time: 208.96 ms | raw_in_boxes: 8400 | topK: 10 | final_detections: 3
det[0]: class=68 score=0.701 box=[212.0, 298.1, 280.2, 336.8]
det[1]: class=68 score=0.701 box=[381.7, 328.0, 433.5, 356.9]
det[2]: class=72 score=0.699 box=[210.3, 335.4, 278.2, 479.2]
Pre=2.21ms | Infer=208.96ms | Post=182.97ms | Total=394.13ms | FPS=2.54 | Mem=196.9 MB
FPS: 2.50 | Memory: 196.9 MB
Frame inference time: 212.87 ms | raw_in_boxes: 8400 | topK: 10 | final_detections: 2
det[0]: class=72 score=0.704 box=[210.2, 335.6, 278.6, 479.1]
det[1]: class=68 score=0.699 box=[381.7, 327.9, 433.4, 356.9]
Pre=2.14ms | Infer=212.87ms | Post=192.54ms | Total=407.55ms | FPS=2.45 | Mem=196.9 MB
Frame inference time: 209.43 ms | raw_in_boxes: 8400 | topK: 10 | final_detections: 2
det[0]: class=72 score=0.703 box=[210.3, 335.5, 278.9, 479.1]
det[1]: class=68 score=0.700 box=[381.8, 328.0, 433.5, 356.9]
Pre=2.44ms | Infer=209.43ms | Post=183.27ms | Total=395.14ms | FPS=2.53 | Mem=197.0 MB
Frame inference time: 207.36 ms | raw_in_boxes: 8400 | topK: 10 | final_detections: 3
det[0]: class=72 score=0.706 box=[210.2, 335.7, 278.2, 479.1]
det[1]: class=68 score=0.696 box=[381.7, 327.9, 433.4, 356.9]
det[2]: class=68 score=0.693 box=[212.0, 298.3, 280.2, 336.6]
Pre=2.35ms | Infer=207.36ms | Post=202.92ms | Total=412.62ms | FPS=2.42 | Mem=197.0 MB
FPS: 2.47 | Memory: 197.0 MB
Frame inference time: 209.84 ms | raw_in_boxes: 8400 | topK: 10 | final_detections: 3
det[0]: class=68 score=0.697 box=[381.7, 328.0, 433.4, 356.9]
det[1]: class=68 score=0.692 box=[212.0, 298.2, 280.1, 336.6]
det[2]: class=72 score=0.704 box=[210.3, 335.9, 278.0, 479.1]
Pre=2.19ms | Infer=209.84ms | Post=184.09ms | Total=396.12ms | FPS=2.52 | Mem=197.0 MB
Frame inference time: 207.24 ms | raw_in_boxes: 8400 | topK: 10 | final_detections: 2
det[0]: class=68 score=0.700 box=[381.8, 328.0, 433.4, 356.8]
det[1]: class=72 score=0.703 box=[210.3, 335.9, 278.0, 479.1]
Pre=2.21ms | Infer=207.24ms | Post=182.66ms | Total=392.11ms | FPS=2.55 | Mem=197.0 MB
Frame inference time: 212.61 ms | raw_in_boxes: 8400 | topK: 10 | final_detections: 2
det[0]: class=72 score=0.706 box=[210.3, 335.8, 278.2, 479.1]
det[1]: class=68 score=0.699 box=[381.8, 327.9, 433.5, 356.9]
Pre=2.20ms | Infer=212.61ms | Post=192.51ms | Total=407.33ms | FPS=2.45 | Mem=197.0 MB
FPS: 2.51 | Memory: 197.0 MB
Frame inference time: 211.40 ms | raw_in_boxes: 8400 | topK: 10 | final_detections: 2
det[0]: class=68 score=0.699 box=[381.7, 327.9, 433.4, 357.0]
det[1]: class=72 score=0.705 box=[210.2, 336.0, 278.2, 479.1]
Pre=2.37ms | Infer=211.40ms | Post=192.30ms | Total=406.08ms | FPS=2.46 | Mem=197.0 MB
Frame inference time: 209.92 ms | raw_in_boxes: 8400 | topK: 10 | final_detections: 2
det[0]: class=68 score=0.700 box=[381.8, 327.9, 433.5, 356.8]
det[1]: class=72 score=0.703 box=[210.3, 336.0, 277.9, 479.1]
Pre=2.25ms | Infer=209.92ms | Post=202.58ms | Total=414.75ms | FPS=2.41 | Mem=197.0 MB
Frame inference time: 210.01 ms | raw_in_boxes: 8400 | topK: 10 | final_detections: 2
det[0]: class=72 score=0.705 box=[210.3, 335.7, 278.0, 479.0]
det[1]: class=68 score=0.701 box=[381.8, 327.9, 433.6, 356.8]
Pre=2.06ms | Infer=210.01ms | Post=183.19ms | Total=395.26ms | FPS=2.53 | Mem=197.0 MB
FPS: 2.46 | Memory: 197.0 MB
Frame inference time: 206.14 ms | raw_in_boxes: 8400 | topK: 10 | final_detections: 2
det[0]: class=68 score=0.701 box=[381.7, 328.0, 433.6, 356.9]
det[1]: class=72 score=0.707 box=[210.3, 336.0, 278.0, 479.1]
Pre=2.06ms | Infer=206.14ms | Post=184.29ms | Total=392.50ms | FPS=2.55 | Mem=197.0 MB
Frame inference time: 212.72 ms | raw_in_boxes: 8400 | topK: 10 | final_detections: 2
det[0]: class=68 score=0.700 box=[381.7, 328.0, 433.5, 356.8]
det[1]: class=72 score=0.702 box=[210.2, 335.6, 278.5, 479.2]
Pre=2.71ms | Infer=212.72ms | Post=192.41ms | Total=407.84ms | FPS=2.45 | Mem=197.0 MB
Frame inference time: 209.15 ms | raw_in_boxes: 8400 | topK: 10 | final_detections: 2
det[0]: class=72 score=0.701 box=[210.3, 335.9, 278.2, 479.1]
det[1]: class=68 score=0.697 box=[381.7, 327.9, 433.4, 356.9]
Pre=2.34ms | Infer=209.15ms | Post=187.03ms | Total=398.52ms | FPS=2.51 | Mem=197.0 MB
FPS: 2.50 | Memory: 197.0 MB
Frame inference time: 210.54 ms | raw_in_boxes: 8400 | topK: 10 | final_detections: 2
det[0]: class=72 score=0.701 box=[210.3, 335.8, 278.2, 479.1]
det[1]: class=68 score=0.698 box=[381.7, 327.9, 433.5, 356.9]
Pre=2.20ms | Infer=210.54ms | Post=198.36ms | Total=411.10ms | FPS=2.43 | Mem=197.0 MB
Frame inference time: 209.58 ms | raw_in_boxes: 8400 | topK: 10 | final_detections: 2
det[0]: class=68 score=0.698 box=[381.8, 328.0, 433.5, 357.0]
det[1]: class=72 score=0.704 box=[210.3, 335.7, 278.2, 479.1]
Pre=2.12ms | Infer=209.58ms | Post=184.31ms | Total=396.01ms | FPS=2.53 | Mem=197.0 MB
Frame inference time: 207.42 ms | raw_in_boxes: 8400 | topK: 10 | final_detections: 3
det[0]: class=72 score=0.706 box=[210.2, 335.8, 278.3, 479.1]
det[1]: class=68 score=0.693 box=[381.8, 327.9, 433.4, 356.8]
det[2]: class=68 score=0.689 box=[212.0, 298.2, 279.8, 336.2]
Pre=2.20ms | Infer=207.42ms | Post=186.26ms | Total=395.89ms | FPS=2.53 | Mem=197.0 MB
FPS: 2.49 | Memory: 197.0 MB
Frame inference time: 213.92 ms | raw_in_boxes: 8400 | topK: 10 | final_detections: 2
det[0]: class=72 score=0.706 box=[210.3, 335.9, 278.0, 479.1]
det[1]: class=68 score=0.698 box=[381.8, 328.0, 433.5, 356.9]
Pre=2.19ms | Infer=213.92ms | Post=197.98ms | Total=414.09ms | FPS=2.41 | Mem=197.0 MB
Frame inference time: 208.71 ms | raw_in_boxes: 8400 | topK: 10 | final_detections: 2
det[0]: class=72 score=0.704 box=[210.3, 335.6, 278.2, 479.1]
det[1]: class=68 score=0.700 box=[381.8, 328.0, 433.6, 356.8]
Pre=2.38ms | Infer=208.71ms | Post=187.64ms | Total=398.73ms | FPS=2.51 | Mem=197.0 MB
Frame inference time: 214.34 ms | raw_in_boxes: 8400 | topK: 10 | final_detections: 2
det[0]: class=68 score=0.698 box=[381.8, 328.0, 433.5, 356.7]
det[1]: class=72 score=0.706 box=[210.3, 335.9, 278.3, 479.2]
Pre=2.26ms | Infer=214.34ms | Post=195.47ms | Total=412.07ms | FPS=2.43 | Mem=197.0 MB
FPS: 2.45 | Memory: 197.0 MB
Frame inference time: 208.97 ms | raw_in_boxes: 8400 | topK: 10 | final_detections: 2
det[0]: class=68 score=0.698 box=[381.7, 327.9, 433.6, 356.9]
det[1]: class=72 score=0.709 box=[210.3, 336.0, 278.0, 479.1]
Pre=2.18ms | Infer=208.97ms | Post=182.06ms | Total=393.20ms | FPS=2.54 | Mem=197.0 MB
[DBG] camera=1080x1920 | modelInput=640x640 | letterbox scale=0.3333 padX=140.00 padY=0.00 | rot=90 mirrored=false
Frame inference time: 205.51 ms | raw_in_boxes: 8400 | topK: 10 | final_detections: 2
det[0]: class=72 score=0.700 box=[210.3, 335.9, 278.0, 479.0]
det[1]: class=68 score=0.695 box=[381.8, 328.0, 433.4, 356.8]
Pre=2.53ms | Infer=205.51ms | Post=195.90ms | Total=403.95ms | FPS=2.48 | Mem=197.0 MB
Frame inference time: 216.84 ms | raw_in_boxes: 8400 | topK: 10 | final_detections: 3
det[0]: class=68 score=0.696 box=[381.8, 327.9, 433.5, 356.9]
det[1]: class=68 score=0.689 box=[212.2, 298.4, 279.8, 336.5]
det[2]: class=72 score=0.705 box=[210.3, 335.9, 278.0, 479.0]
Pre=2.24ms | Infer=216.84ms | Post=186.24ms | Total=405.32ms | FPS=2.47 | Mem=197.0 MB
FPS: 2.49 | Memory: 197.0 MB
Frame inference time: 206.61 ms | raw_in_boxes: 8400 | topK: 10 | final_detections: 2
det[0]: class=72 score=0.706 box=[210.3, 335.8, 278.0, 479.1]
det[1]: class=68 score=0.698 box=[381.8, 327.9, 433.5, 356.8]
Pre=2.43ms | Infer=206.61ms | Post=184.22ms | Total=393.26ms | FPS=2.54 | Mem=197.0 MB
Frame inference time: 217.63 ms | raw_in_boxes: 8400 | topK: 10 | final_detections: 3
det[0]: class=68 score=0.696 box=[381.7, 328.0, 433.4, 356.9]
det[1]: class=68 score=0.689 box=[212.1, 298.2, 279.8, 336.4]
det[2]: class=72 score=0.706 box=[210.2, 336.1, 277.9, 479.1]
Pre=2.32ms | Infer=217.63ms | Post=195.13ms | Total=415.08ms | FPS=2.41 | Mem=197.0 MB
Frame inference time: 210.76 ms | raw_in_boxes: 8400 | topK: 10 | final_detections: 2
det[0]: class=68 score=0.696 box=[381.8, 328.0, 433.4, 356.9]
det[1]: class=72 score=0.701 box=[210.3, 335.7, 278.2, 479.1]
Pre=2.16ms | Infer=210.76ms | Post=185.00ms | Total=397.93ms | FPS=2.51 | Mem=197.0 MB
FPS: 2.48 | Memory: 197.0 MB
Frame inference time: 208.83 ms | raw_in_boxes: 8400 | topK: 10 | final_detections: 2
det[0]: class=72 score=0.707 box=[210.3, 335.8, 278.3, 479.1]
det[1]: class=68 score=0.696 box=[381.7, 327.9, 433.4, 356.8]
Pre=2.12ms | Infer=208.83ms | Post=202.25ms | Total=413.20ms | FPS=2.42 | Mem=197.0 MB
Frame inference time: 209.22 ms | raw_in_boxes: 8400 | topK: 10 | final_detections: 2
det[0]: class=72 score=0.705 box=[210.3, 335.8, 278.0, 479.1]
det[1]: class=68 score=0.699 box=[381.7, 327.9, 433.4, 356.9]
Pre=2.35ms | Infer=209.22ms | Post=184.02ms | Total=395.59ms | FPS=2.53 | Mem=197.0 MB
Frame inference time: 208.77 ms | raw_in_boxes: 8400 | topK: 10 | final_detections: 2
det[0]: class=72 score=0.707 box=[210.2, 336.0, 278.0, 479.2]
det[1]: class=68 score=0.697 box=[381.8, 328.0, 433.3, 356.8]
Pre=2.36ms | Infer=208.77ms | Post=184.05ms | Total=395.19ms | FPS=2.53 | Mem=197.0 MB
FPS: 2.49 | Memory: 197.0 MB
Frame inference time: 207.94 ms | raw_in_boxes: 8400 | topK: 10 | final_detections: 2
det[0]: class=68 score=0.702 box=[381.8, 328.0, 433.6, 356.8]
det[1]: class=72 score=0.705 box=[210.2, 336.1, 277.8, 479.1]
Pre=2.11ms | Infer=207.94ms | Post=193.56ms | Total=403.61ms | FPS=2.48 | Mem=197.0 MB
Frame inference time: 209.51 ms | raw_in_boxes: 8400 | topK: 10 | final_detections: 2
det[0]: class=68 score=0.698 box=[381.8, 328.0, 433.5, 356.9]
det[1]: class=72 score=0.706 box=[210.2, 336.0, 277.9, 479.1]
Pre=2.15ms | Infer=209.51ms | Post=183.01ms | Total=394.67ms | FPS=2.53 | Mem=197.0 MB
Frame inference time: 207.58 ms | raw_in_boxes: 8400 | topK: 10 | final_detections: 3
det[0]: class=72 score=0.706 box=[210.4, 335.8, 278.1, 479.2]
det[1]: class=68 score=0.700 box=[381.7, 328.0, 433.4, 356.8]
det[2]: class=68 score=0.694 box=[212.0, 298.2, 280.0, 336.6]
Pre=2.14ms | Infer=207.58ms | Post=199.66ms | Total=409.39ms | FPS=2.44 | Mem=197.0 MB
FPS: 2.48 | Memory: 197.0 MB
Frame inference time: 211.07 ms | raw_in_boxes: 8400 | topK: 10 | final_detections: 3
det[0]: class=72 score=0.703 box=[210.3, 336.1, 277.6, 479.0]
det[1]: class=68 score=0.699 box=[381.7, 328.0, 433.5, 357.0]
det[2]: class=68 score=0.693 box=[211.9, 298.2, 279.1, 336.5]
Pre=2.14ms | Infer=211.07ms | Post=184.79ms | Total=398.01ms | FPS=2.51 | Mem=197.0 MB
Frame inference time: 206.60 ms | raw_in_boxes: 8400 | topK: 10 | final_detections: 3
det[0]: class=68 score=0.696 box=[381.7, 328.0, 433.5, 356.9]
det[1]: class=68 score=0.694 box=[212.0, 298.3, 280.4, 336.5]
det[2]: class=72 score=0.704 box=[210.3, 335.7, 278.3, 479.1]
Pre=2.22ms | Infer=206.60ms | Post=184.21ms | Total=393.03ms | FPS=2.54 | Mem=197.0 MB
Frame inference time: 208.16 ms | raw_in_boxes: 8400 | topK: 10 | final_detections: 2
det[0]: class=68 score=0.698 box=[381.8, 328.1, 433.4, 356.9]
det[1]: class=72 score=0.704 box=[210.3, 335.9, 278.1, 479.1]
Pre=2.18ms | Infer=208.16ms | Post=194.60ms | Total=404.94ms | FPS=2.47 | Mem=197.0 MB
FPS: 2.51 | Memory: 197.0 MB
Frame inference time: 209.94 ms | raw_in_boxes: 8400 | topK: 10 | final_detections: 2
det[0]: class=68 score=0.698 box=[381.7, 328.0, 433.5, 356.9]
det[1]: class=72 score=0.704 box=[210.3, 335.9, 277.8, 479.1]
Pre=2.14ms | Infer=209.94ms | Post=185.41ms | Total=397.49ms | FPS=2.52 | Mem=197.0 MB
Frame inference time: 209.24 ms | raw_in_boxes: 8400 | topK: 10 | final_detections: 2
det[0]: class=68 score=0.699 box=[381.7, 327.9, 433.4, 356.9]
det[1]: class=72 score=0.703 box=[210.3, 335.9, 278.1, 479.1]
Pre=2.15ms | Infer=209.24ms | Post=194.62ms | Total=406.02ms | FPS=2.46 | Mem=197.0 MB
Frame inference time: 209.49 ms | raw_in_boxes: 8400 | topK: 10 | final_detections: 2
det[0]: class=68 score=0.701 box=[381.8, 327.9, 433.6, 356.8]
det[1]: class=72 score=0.705 box=[210.2, 335.6, 278.4, 479.1]
Pre=2.47ms | Infer=209.49ms | Post=183.67ms | Total=395.63ms | FPS=2.53 | Mem=197.0 MB
FPS: 2.50 | Memory: 197.0 MB
Frame inference time: 207.34 ms | raw_in_boxes: 8400 | topK: 10 | final_detections: 3
det[0]: class=68 score=0.694 box=[381.8, 328.0, 433.3, 356.9]
det[1]: class=68 score=0.690 box=[212.1, 298.3, 279.6, 336.5]
det[2]: class=72 score=0.709 box=[210.4, 335.9, 278.2, 479.1]
Pre=2.43ms | Infer=207.34ms | Post=184.06ms | Total=393.83ms | FPS=2.54 | Mem=197.0 MB
Frame inference time: 209.11 ms | raw_in_boxes: 8400 | topK: 10 | final_detections: 2
det[0]: class=72 score=0.705 box=[210.3, 335.6, 278.3, 479.1]
det[1]: class=68 score=0.696 box=[381.8, 327.9, 433.5, 356.9]
Pre=2.35ms | Infer=209.11ms | Post=195.24ms | Total=406.69ms | FPS=2.46 | Mem=197.0 MB
Frame inference time: 208.57 ms | raw_in_boxes: 8400 | topK: 10 | final_detections: 2
det[0]: class=72 score=0.706 box=[210.3, 335.9, 278.1, 479.0]
det[1]: class=68 score=0.700 box=[381.8, 328.0, 433.4, 356.8]
Pre=2.17ms | Infer=208.57ms | Post=183.27ms | Total=394.02ms | FPS=2.54 | Mem=197.0 MB
FPS: 2.51 | Memory: 197.0 MB
Inference time stats (n=100): mean=210.56 ms | p95=216.24 ms
Frame inference time: 207.01 ms | raw_in_boxes: 8400 | topK: 10 | final_detections: 2
det[0]: class=72 score=0.706 box=[210.3, 336.0, 277.8, 479.2]
det[1]: class=68 score=0.697 box=[381.8, 328.0, 433.4, 356.9]
Pre=2.12ms | Infer=207.01ms | Post=205.33ms | Total=414.46ms | FPS=2.41 | Mem=197.0 MB
Frame inference time: 213.88 ms | raw_in_boxes: 8400 | topK: 10 | final_detections: 2
det[0]: class=72 score=0.699 box=[210.2, 335.7, 277.9, 479.1]
det[1]: class=68 score=0.698 box=[381.7, 327.9, 433.4, 356.9]
Pre=2.17ms | Infer=213.88ms | Post=182.07ms | Total=398.13ms | FPS=2.51 | Mem=197.0 MB
Frame inference time: 208.85 ms | raw_in_boxes: 8400 | topK: 10 | final_detections: 2
det[0]: class=72 score=0.705 box=[210.3, 335.7, 278.4, 479.1]
det[1]: class=68 score=0.700 box=[381.8, 328.0, 433.5, 356.8]
Pre=2.19ms | Infer=208.85ms | Post=184.12ms | Total=395.15ms | FPS=2.53 | Mem=197.0 MB
FPS: 2.48 | Memory: 197.0 MB
Frame inference time: 209.79 ms | raw_in_boxes: 8400 | topK: 10 | final_detections: 2
det[0]: class=72 score=0.708 box=[210.3, 335.9, 278.2, 479.1]
det[1]: class=68 score=0.700 box=[381.8, 327.9, 433.5, 356.9]
Pre=3.06ms | Infer=209.79ms | Post=193.46ms | Total=406.32ms | FPS=2.46 | Mem=197.0 MB
Frame inference time: 213.27 ms | raw_in_boxes: 8400 | topK: 10 | final_detections: 3
det[0]: class=72 score=0.705 box=[210.3, 335.9, 278.1, 479.1]
det[1]: class=68 score=0.695 box=[381.7, 327.9, 433.4, 357.0]
det[2]: class=68 score=0.692 box=[212.1, 298.4, 279.4, 336.4]
Pre=2.15ms | Infer=213.27ms | Post=184.16ms | Total=399.59ms | FPS=2.50 | Mem=197.0 MB
Frame inference time: 211.20 ms | raw_in_boxes: 8400 | topK: 10 | final_detections: 3
det[0]: class=72 score=0.704 box=[210.3, 335.9, 278.2, 479.1]
det[1]: class=68 score=0.697 box=[381.8, 328.0, 433.4, 356.8]
det[2]: class=68 score=0.693 box=[211.9, 298.2, 280.3, 336.8]
Pre=2.20ms | Infer=211.20ms | Post=203.01ms | Total=416.41ms | FPS=2.40 | Mem=197.0 MB
FPS: 2.45 | Memory: 197.0 MB
Frame inference time: 210.35 ms | raw_in_boxes: 8400 | topK: 10 | final_detections: 3
det[0]: class=72 score=0.705 box=[210.2, 335.9, 278.0, 479.2]
det[1]: class=68 score=0.696 box=[381.7, 328.0, 433.4, 356.9]
det[2]: class=68 score=0.689 box=[212.0, 298.5, 279.5, 336.5]
Pre=2.10ms | Infer=210.35ms | Post=182.74ms | Total=395.20ms | FPS=2.53 | Mem=197.0 MB
Frame inference time: 208.93 ms | raw_in_boxes: 8400 | topK: 10 | final_detections: 2
det[0]: class=72 score=0.706 box=[210.3, 336.0, 278.0, 479.2]
det[1]: class=68 score=0.700 box=[381.8, 327.9, 433.5, 356.9]
Pre=2.34ms | Infer=208.93ms | Post=190.39ms | Total=401.66ms | FPS=2.49 | Mem=197.0 MB
Frame inference time: 215.70 ms | raw_in_boxes: 8400 | topK: 10 | final_detections: 3
det[0]: class=72 score=0.706 box=[210.3, 335.9, 277.8, 479.2]
det[1]: class=68 score=0.694 box=[381.8, 328.0, 433.5, 357.0]
det[2]: class=68 score=0.691 box=[212.1, 298.2, 280.7, 336.5]
Pre=2.33ms | Infer=215.70ms | Post=192.48ms | Total=410.50ms | FPS=2.44 | Mem=197.0 MB
FPS: 2.48 | Memory: 197.0 MB
Frame inference time: 213.43 ms | raw_in_boxes: 8400 | topK: 10 | final_detections: 3
det[0]: class=72 score=0.705 box=[210.2, 335.7, 278.3, 479.2]
det[1]: class=68 score=0.693 box=[381.8, 327.9, 433.4, 356.9]
det[2]: class=68 score=0.691 box=[212.0, 298.2, 280.3, 336.5]
Pre=2.44ms | Infer=213.43ms | Post=181.18ms | Total=397.04ms | FPS=2.52 | Mem=197.0 MB
[DBG] camera=1080x1920 | modelInput=640x640 | letterbox scale=0.3333 padX=140.00 padY=0.00 | rot=90 mirrored=false
Frame inference time: 207.71 ms | raw_in_boxes: 8400 | topK: 10 | final_detections: 2
det[0]: class=68 score=0.698 box=[381.8, 328.0, 433.6, 356.8]
det[1]: class=72 score=0.705 box=[210.3, 335.9, 278.0, 479.1]
Pre=2.56ms | Infer=207.71ms | Post=200.45ms | Total=410.72ms | FPS=2.43 | Mem=197.0 MB
Frame inference time: 209.82 ms | raw_in_boxes: 8400 | topK: 10 | final_detections: 2
det[0]: class=68 score=0.699 box=[381.8, 328.0, 433.5, 357.0]
det[1]: class=72 score=0.706 box=[210.3, 335.7, 278.6, 479.1]
Pre=2.40ms | Infer=209.82ms | Post=183.14ms | Total=395.36ms | FPS=2.53 | Mem=197.0 MB
FPS: 2.49 | Memory: 197.0 MB
Frame inference time: 208.81 ms | raw_in_boxes: 8400 | topK: 10 | final_detections: 2
det[0]: class=72 score=0.705 box=[210.2, 335.8, 278.3, 479.2]
det[1]: class=68 score=0.698 box=[381.8, 327.9, 433.6, 356.9]
Pre=2.11ms | Infer=208.81ms | Post=185.09ms | Total=396.01ms | FPS=2.53 | Mem=197.0 MB
Frame inference time: 216.04 ms | raw_in_boxes: 8400 | topK: 10 | final_detections: 3
det[0]: class=72 score=0.707 box=[210.2, 335.4, 278.9, 479.1]
det[1]: class=68 score=0.700 box=[381.8, 328.0, 433.5, 356.9]
det[2]: class=68 score=0.695 box=[211.9, 298.0, 280.6, 336.8]
Pre=2.72ms | Infer=216.04ms | Post=198.17ms | Total=416.92ms | FPS=2.40 | Mem=197.0 MB
Frame inference time: 208.51 ms | raw_in_boxes: 8400 | topK: 10 | final_detections: 2
det[0]: class=68 score=0.701 box=[381.8, 327.9, 433.6, 356.9]
det[1]: class=72 score=0.704 box=[210.3, 335.9, 278.1, 479.2]
Pre=2.22ms | Infer=208.51ms | Post=189.03ms | Total=399.75ms | FPS=2.50 | Mem=197.0 MB
FPS: 2.47 | Memory: 197.0 MB
Frame inference time: 210.35 ms | raw_in_boxes: 8400 | topK: 10 | final_detections: 3
det[0]: class=68 score=0.697 box=[381.8, 328.0, 433.5, 357.0]
det[1]: class=68 score=0.691 box=[211.9, 298.4, 280.3, 336.8]
det[2]: class=72 score=0.704 box=[210.3, 335.8, 278.1, 479.2]
Pre=2.22ms | Infer=210.35ms | Post=205.93ms | Total=418.50ms | FPS=2.39 | Mem=197.0 MB
Frame inference time: 211.33 ms | raw_in_boxes: 8400 | topK: 10 | final_detections: 3
det[0]: class=72 score=0.705 box=[210.3, 335.8, 278.2, 479.2]
det[1]: class=68 score=0.700 box=[381.9, 327.9, 433.5, 356.9]
det[2]: class=68 score=0.693 box=[211.9, 298.0, 280.7, 336.8]
Pre=2.27ms | Infer=211.33ms | Post=185.25ms | Total=398.85ms | FPS=2.51 | Mem=197.0 MB
Frame inference time: 208.72 ms | raw_in_boxes: 8400 | topK: 10 | final_detections: 2
det[0]: class=72 score=0.705 box=[210.2, 335.8, 278.2, 479.2]
det[1]: class=68 score=0.703 box=[381.8, 328.0, 433.6, 356.9]
Pre=2.15ms | Infer=208.72ms | Post=185.35ms | Total=396.22ms | FPS=2.52 | Mem=197.0 MB
FPS: 2.47 | Memory: 197.0 MB
Frame inference time: 212.57 ms | raw_in_boxes: 8400 | topK: 10 | final_detections: 2
det[0]: class=72 score=0.705 box=[210.2, 335.6, 278.4, 479.1]
det[1]: class=68 score=0.699 box=[381.8, 327.9, 433.5, 357.0]
Pre=2.44ms | Infer=212.57ms | Post=192.60ms | Total=407.60ms | FPS=2.45 | Mem=197.0 MB
Frame inference time: 210.63 ms | raw_in_boxes: 8400 | topK: 10 | final_detections: 3
det[0]: class=72 score=0.704 box=[210.3, 335.9, 277.8, 479.1]
det[1]: class=68 score=0.698 box=[381.8, 327.9, 433.4, 357.0]
det[2]: class=68 score=0.693 box=[212.0, 298.2, 280.5, 336.6]
Pre=2.18ms | Infer=210.63ms | Post=183.16ms | Total=395.98ms | FPS=2.53 | Mem=197.0 MB
Frame inference time: 209.26 ms | raw_in_boxes: 8400 | topK: 10 | final_detections: 2
det[0]: class=68 score=0.701 box=[381.7, 328.0, 433.6, 357.0]
det[1]: class=72 score=0.705 box=[210.3, 335.8, 278.1, 479.1]
Pre=2.23ms | Infer=209.26ms | Post=200.73ms | Total=412.21ms | FPS=2.43 | Mem=197.0 MB
FPS: 2.46 | Memory: 197.0 MB
Frame inference time: 210.80 ms | raw_in_boxes: 8400 | topK: 10 | final_detections: 2
det[0]: class=68 score=0.700 box=[381.8, 328.0, 433.6, 357.0]
det[1]: class=72 score=0.708 box=[210.2, 336.1, 277.9, 479.2]
Pre=2.36ms | Infer=210.80ms | Post=189.52ms | Total=402.68ms | FPS=2.48 | Mem=197.0 MB
Frame inference time: 210.02 ms | raw_in_boxes: 8400 | topK: 10 | final_detections: 2
det[0]: class=72 score=0.704 box=[210.2, 335.9, 277.9, 479.1]
det[1]: class=68 score=0.698 box=[381.8, 328.0, 433.6, 356.9]
Pre=2.28ms | Infer=210.02ms | Post=185.61ms | Total=397.91ms | FPS=2.51 | Mem=197.0 MB
Frame inference time: 209.40 ms | raw_in_boxes: 8400 | topK: 10 | final_detections: 2
det[0]: class=72 score=0.707 box=[210.2, 335.8, 278.1, 479.1]
det[1]: class=68 score=0.696 box=[381.8, 328.0, 433.5, 356.9]
Pre=2.21ms | Infer=209.40ms | Post=192.77ms | Total=404.38ms | FPS=2.47 | Mem=197.0 MB
FPS: 2.49 | Memory: 197.0 MB
Frame inference time: 212.56 ms | raw_in_boxes: 8400 | topK: 10 | final_detections: 2
det[0]: class=68 score=0.699 box=[381.8, 327.9, 433.6, 357.0]
det[1]: class=72 score=0.705 box=[210.3, 335.9, 278.2, 479.2]
Pre=2.29ms | Infer=212.56ms | Post=185.74ms | Total=400.60ms | FPS=2.50 | Mem=197.0 MB
Frame inference time: 208.91 ms | raw_in_boxes: 8400 | topK: 10 | final_detections: 2
det[0]: class=68 score=0.699 box=[381.8, 327.9, 433.6, 356.9]
det[1]: class=72 score=0.705 box=[210.2, 336.0, 278.0, 479.2]
Pre=2.36ms | Infer=208.91ms | Post=202.58ms | Total=413.85ms | FPS=2.42 | Mem=197.0 MB
Frame inference time: 211.18 ms | raw_in_boxes: 8400 | topK: 10 | final_detections: 2
det[0]: class=68 score=0.698 box=[381.8, 328.0, 433.6, 356.8]
det[1]: class=72 score=0.706 box=[210.3, 335.9, 278.3, 479.1]
Pre=2.33ms | Infer=211.18ms | Post=184.75ms | Total=398.26ms | FPS=2.51 | Mem=197.0 MB
FPS: 2.47 | Memory: 197.0 MB
Frame inference time: 211.05 ms | raw_in_boxes: 8400 | topK: 10 | final_detections: 2
det[0]: class=72 score=0.702 box=[210.3, 336.0, 277.7, 479.1]
det[1]: class=68 score=0.700 box=[381.8, 328.0, 433.5, 357.0]
Pre=2.13ms | Infer=211.05ms | Post=182.54ms | Total=395.73ms | FPS=2.53 | Mem=197.0 MB
Frame inference time: 213.97 ms | raw_in_boxes: 8400 | topK: 10 | final_detections: 3
det[0]: class=72 score=0.700 box=[210.3, 335.8, 278.1, 479.1]
det[1]: class=68 score=0.699 box=[381.8, 328.0, 433.4, 357.0]
det[2]: class=68 score=0.691 box=[211.9, 298.3, 279.8, 336.6]
Pre=2.51ms | Infer=213.97ms | Post=192.55ms | Total=409.03ms | FPS=2.44 | Mem=197.0 MB
Frame inference time: 212.58 ms | raw_in_boxes: 8400 | topK: 10 | final_detections: 3
det[0]: class=72 score=0.706 box=[210.3, 336.0, 278.0, 479.2]
det[1]: class=68 score=0.696 box=[381.8, 327.9, 433.5, 356.9]
det[2]: class=68 score=0.694 box=[211.9, 298.1, 280.2, 336.7]
Pre=2.32ms | Infer=212.58ms | Post=182.32ms | Total=397.23ms | FPS=2.52 | Mem=197.0 MB
FPS: 2.49 | Memory: 197.0 MB
Frame inference time: 210.02 ms | raw_in_boxes: 8400 | topK: 10 | final_detections: 2
det[0]: class=68 score=0.701 box=[381.8, 328.0, 433.6, 356.8]
det[1]: class=72 score=0.706 box=[210.3, 336.0, 278.1, 479.1]
Pre=2.18ms | Infer=210.02ms | Post=203.79ms | Total=415.99ms | FPS=2.40 | Mem=197.0 MB
Frame inference time: 211.87 ms | raw_in_boxes: 8400 | topK: 10 | final_detections: 2
det[0]: class=68 score=0.698 box=[381.8, 328.0, 433.6, 357.1]
det[1]: class=72 score=0.704 box=[210.2, 335.9, 277.9, 479.2]
Pre=2.24ms | Infer=211.87ms | Post=192.56ms | Total=406.68ms | FPS=2.46 | Mem=197.0 MB
Frame inference time: 207.46 ms | raw_in_boxes: 8400 | topK: 10 | final_detections: 2
det[0]: class=72 score=0.708 box=[210.3, 336.0, 278.2, 479.2]
det[1]: class=68 score=0.699 box=[381.9, 327.9, 433.5, 356.9]
Pre=2.55ms | Infer=207.46ms | Post=184.33ms | Total=394.34ms | FPS=2.54 | Mem=197.0 MB
FPS: 2.46 | Memory: 197.0 MB
Frame inference time: 211.10 ms | raw_in_boxes: 8400 | topK: 10 | final_detections: 2
det[0]: class=68 score=0.700 box=[381.8, 327.9, 433.6, 356.9]
det[1]: class=72 score=0.701 box=[210.2, 335.9, 277.8, 479.2]
Pre=2.44ms | Infer=211.10ms | Post=192.61ms | Total=406.15ms | FPS=2.46 | Mem=197.0 MB
Frame inference time: 210.89 ms | raw_in_boxes: 8400 | topK: 10 | final_detections: 2
det[0]: class=72 score=0.704 box=[210.3, 335.8, 278.3, 479.2]
det[1]: class=68 score=0.698 box=[381.8, 327.9, 433.6, 356.9]
Pre=3.00ms | Infer=210.89ms | Post=182.25ms | Total=396.14ms | FPS=2.52 | Mem=197.0 MB
Frame inference time: 206.86 ms | raw_in_boxes: 8400 | topK: 10 | final_detections: 2
det[0]: class=68 score=0.703 box=[381.8, 328.0, 433.6, 356.9]
det[1]: class=72 score=0.706 box=[210.3, 335.9, 278.2, 479.2]
Pre=2.23ms | Infer=206.86ms | Post=210.23ms | Total=419.33ms | FPS=2.38 | Mem=197.0 MB
FPS: 2.45 | Memory: 197.0 MB
Frame inference time: 212.32 ms | raw_in_boxes: 8400 | topK: 10 | final_detections: 2
det[0]: class=68 score=0.699 box=[381.8, 328.0, 433.5, 356.9]
det[1]: class=72 score=0.706 box=[210.3, 335.8, 278.2, 479.1]
Pre=2.11ms | Infer=212.32ms | Post=192.70ms | Total=407.13ms | FPS=2.46 | Mem=197.0 MB
Frame inference time: 208.46 ms | raw_in_boxes: 8400 | topK: 10 | final_detections: 2
det[0]: class=72 score=0.705 box=[210.3, 335.9, 278.2, 479.2]
det[1]: class=68 score=0.701 box=[381.7, 328.0, 433.5, 357.1]
Pre=2.41ms | Infer=208.46ms | Post=182.99ms | Total=393.86ms | FPS=2.54 | Mem=197.0 MB
Frame inference time: 215.56 ms | raw_in_boxes: 8400 | topK: 10 | final_detections: 2
det[0]: class=68 score=0.701 box=[381.8, 327.9, 433.6, 357.0]
det[1]: class=72 score=0.703 box=[210.3, 335.7, 278.0, 479.2]
Pre=2.29ms | Infer=215.56ms | Post=192.76ms | Total=410.62ms | FPS=2.44 | Mem=197.0 MB
FPS: 2.47 | Memory: 197.0 MB
Frame inference time: 205.19 ms | raw_in_boxes: 8400 | topK: 10 | final_detections: 2
det[0]: class=68 score=0.699 box=[381.8, 328.0, 433.5, 356.8]
det[1]: class=72 score=0.701 box=[210.3, 335.7, 278.2, 479.2]
Pre=2.31ms | Infer=205.19ms | Post=189.32ms | Total=396.82ms | FPS=2.52 | Mem=197.0 MB
[DBG] camera=1080x1920 | modelInput=640x640 | letterbox scale=0.3333 padX=140.00 padY=0.00 | rot=90 mirrored=false
Frame inference time: 221.37 ms | raw_in_boxes: 8400 | topK: 10 | final_detections: 2
det[0]: class=72 score=0.708 box=[210.3, 336.0, 277.9, 479.2]
det[1]: class=68 score=0.701 box=[381.8, 328.0, 433.6, 356.9]
Pre=2.25ms | Infer=221.37ms | Post=197.08ms | Total=420.71ms | FPS=2.38 | Mem=197.0 MB
Frame inference time: 210.09 ms | raw_in_boxes: 8400 | topK: 10 | final_detections: 2
det[0]: class=68 score=0.703 box=[381.8, 328.0, 433.6, 357.0]
det[1]: class=72 score=0.706 box=[210.3, 335.8, 278.5, 479.2]
Pre=2.21ms | Infer=210.09ms | Post=182.75ms | Total=395.06ms | FPS=2.53 | Mem=197.0 MB
FPS: 2.47 | Memory: 197.0 MB
Frame inference time: 209.87 ms | raw_in_boxes: 8400 | topK: 10 | final_detections: 2
det[0]: class=72 score=0.705 box=[210.3, 335.9, 278.1, 479.2]
det[1]: class=68 score=0.698 box=[381.8, 328.0, 433.7, 356.9]
Pre=2.19ms | Infer=209.87ms | Post=188.92ms | Total=400.98ms | FPS=2.49 | Mem=197.0 MB
Frame inference time: 214.99 ms | raw_in_boxes: 8400 | topK: 10 | final_detections: 2
det[0]: class=68 score=0.699 box=[381.8, 327.9, 433.6, 357.0]
det[1]: class=72 score=0.706 box=[210.2, 336.0, 278.0, 479.2]
Pre=3.65ms | Infer=214.99ms | Post=190.65ms | Total=409.29ms | FPS=2.44 | Mem=197.0 MB
Frame inference time: 210.11 ms | raw_in_boxes: 8400 | topK: 10 | final_detections: 2
det[0]: class=72 score=0.703 box=[210.3, 335.7, 278.3, 479.1]
det[1]: class=68 score=0.700 box=[381.9, 328.0, 433.6, 356.9]
Pre=2.28ms | Infer=210.11ms | Post=183.37ms | Total=395.76ms | FPS=2.53 | Mem=197.0 MB
FPS: 2.48 | Memory: 197.0 MB
Frame inference time: 204.25 ms | raw_in_boxes: 8400 | topK: 10 | final_detections: 3
det[0]: class=72 score=0.706 box=[210.3, 335.9, 278.2, 479.2]
det[1]: class=68 score=0.696 box=[381.8, 328.0, 433.4, 356.9]
det[2]: class=68 score=0.689 box=[212.0, 298.2, 279.9, 336.5]
Pre=2.13ms | Infer=204.25ms | Post=193.13ms | Total=399.52ms | FPS=2.50 | Mem=197.0 MB
Frame inference time: 214.24 ms | raw_in_boxes: 8400 | topK: 10 | final_detections: 2
det[0]: class=68 score=0.697 box=[381.8, 328.0, 433.4, 356.9]
det[1]: class=72 score=0.704 box=[210.3, 335.8, 278.2, 479.1]
Pre=2.44ms | Infer=214.24ms | Post=183.89ms | Total=400.56ms | FPS=2.50 | Mem=197.0 MB
Frame inference time: 205.87 ms | raw_in_boxes: 8400 | topK: 10 | final_detections: 2
det[0]: class=68 score=0.698 box=[381.8, 328.0, 433.6, 356.8]
det[1]: class=72 score=0.705 box=[210.3, 336.0, 278.3, 479.2]
Pre=2.33ms | Infer=205.87ms | Post=199.83ms | Total=408.02ms | FPS=2.45 | Mem=197.0 MB
FPS: 2.48 | Memory: 197.0 MB
Frame inference time: 212.73 ms | raw_in_boxes: 8400 | topK: 10 | final_detections: 2
det[0]: class=68 score=0.698 box=[381.8, 328.0, 433.5, 356.9]
det[1]: class=72 score=0.707 box=[210.3, 336.0, 277.9, 479.2]
Pre=3.25ms | Infer=212.73ms | Post=183.55ms | Total=399.53ms | FPS=2.50 | Mem=197.0 MB
Frame inference time: 205.90 ms | raw_in_boxes: 8400 | topK: 10 | final_detections: 2
det[0]: class=68 score=0.704 box=[381.8, 328.0, 433.6, 357.0]
det[1]: class=72 score=0.705 box=[210.3, 335.9, 278.2, 479.2]
Pre=2.26ms | Infer=205.90ms | Post=184.18ms | Total=392.33ms | FPS=2.55 | Mem=197.0 MB
Frame inference time: 207.80 ms | raw_in_boxes: 8400 | topK: 10 | final_detections: 2
det[0]: class=68 score=0.697 box=[381.8, 328.0, 433.5, 357.0]
det[1]: class=72 score=0.706 box=[210.3, 335.8, 278.3, 479.1]
Pre=2.20ms | Infer=207.80ms | Post=195.30ms | Total=405.29ms | FPS=2.47 | Mem=197.0 MB
FPS: 2.50 | Memory: 197.0 MB
Frame inference time: 211.19 ms | raw_in_boxes: 8400 | topK: 10 | final_detections: 2
det[0]: class=72 score=0.707 box=[210.3, 336.0, 278.2, 479.2]
det[1]: class=68 score=0.700 box=[381.8, 328.0, 433.5, 356.9]
Pre=2.32ms | Infer=211.19ms | Post=188.11ms | Total=401.61ms | FPS=2.49 | Mem=197.0 MB
Frame inference time: 207.73 ms | raw_in_boxes: 8400 | topK: 10 | final_detections: 2
det[0]: class=72 score=0.707 box=[210.3, 336.1, 277.7, 479.2]
det[1]: class=68 score=0.695 box=[381.8, 328.0, 433.5, 356.9]
Pre=2.47ms | Infer=207.73ms | Post=200.21ms | Total=410.41ms | FPS=2.44 | Mem=197.0 MB
Frame inference time: 210.20 ms | raw_in_boxes: 8400 | topK: 10 | final_detections: 2
det[0]: class=68 score=0.701 box=[381.7, 327.9, 433.6, 357.0]
det[1]: class=72 score=0.707 box=[210.3, 335.9, 278.4, 479.1]
Pre=2.11ms | Infer=210.20ms | Post=184.32ms | Total=396.63ms | FPS=2.52 | Mem=197.0 MB
FPS: 2.48 | Memory: 197.0 MB
Frame inference time: 207.83 ms | raw_in_boxes: 8400 | topK: 10 | final_detections: 2
det[0]: class=72 score=0.706 box=[210.3, 336.0, 277.9, 479.2]
det[1]: class=68 score=0.701 box=[381.8, 328.0, 433.6, 357.0]
Pre=2.19ms | Infer=207.83ms | Post=190.28ms | Total=400.29ms | FPS=2.50 | Mem=197.0 MB
Frame inference time: 208.28 ms | raw_in_boxes: 8400 | topK: 10 | final_detections: 3
det[0]: class=72 score=0.706 box=[210.2, 335.8, 278.1, 479.3]
det[1]: class=68 score=0.699 box=[381.8, 328.0, 433.5, 356.8]
det[2]: class=68 score=0.696 box=[211.9, 298.2, 280.3, 336.7]
Pre=2.15ms | Infer=208.28ms | Post=193.05ms | Total=403.48ms | FPS=2.48 | Mem=197.0 MB
Frame inference time: 211.68 ms | raw_in_boxes: 8400 | topK: 10 | final_detections: 2
det[0]: class=72 score=0.705 box=[210.3, 335.9, 278.5, 479.2]
det[1]: class=68 score=0.698 box=[381.7, 327.9, 433.5, 356.9]
Pre=2.41ms | Infer=211.68ms | Post=183.45ms | Total=397.55ms | FPS=2.52 | Mem=197.0 MB
FPS: 2.49 | Memory: 197.0 MB
Frame inference time: 209.07 ms | raw_in_boxes: 8400 | topK: 10 | final_detections: 2
det[0]: class=68 score=0.701 box=[381.8, 327.9, 433.5, 357.0]
det[1]: class=72 score=0.704 box=[210.3, 336.0, 277.8, 479.2]
Pre=2.15ms | Infer=209.07ms | Post=202.33ms | Total=413.55ms | FPS=2.42 | Mem=197.0 MB
Frame inference time: 212.21 ms | raw_in_boxes: 8400 | topK: 10 | final_detections: 2
det[0]: class=68 score=0.700 box=[381.8, 327.9, 433.6, 356.9]
det[1]: class=72 score=0.705 box=[210.3, 335.9, 277.9, 479.1]
Pre=2.27ms | Infer=212.21ms | Post=182.50ms | Total=396.99ms | FPS=2.52 | Mem=197.0 MB
Frame inference time: 212.34 ms | raw_in_boxes: 8400 | topK: 10 | final_detections: 3
det[0]: class=72 score=0.707 box=[210.3, 335.9, 278.4, 479.2]
det[1]: class=68 score=0.700 box=[381.8, 328.0, 433.6, 356.9]
det[2]: class=68 score=0.693 box=[211.9, 298.1, 280.5, 336.5]
Pre=2.38ms | Infer=212.34ms | Post=185.87ms | Total=400.59ms | FPS=2.50 | Mem=197.0 MB
FPS: 2.47 | Memory: 197.0 MB
Frame inference time: 213.13 ms | raw_in_boxes: 8400 | topK: 10 | final_detections: 2
det[0]: class=72 score=0.702 box=[210.2, 335.8, 278.6, 479.1]
det[1]: class=68 score=0.696 box=[381.8, 328.0, 433.4, 356.9]
Pre=2.35ms | Infer=213.13ms | Post=192.99ms | Total=408.47ms | FPS=2.45 | Mem=197.0 MB
Frame inference time: 206.17 ms | raw_in_boxes: 8400 | topK: 10 | final_detections: 2
det[0]: class=72 score=0.706 box=[210.3, 335.6, 278.4, 479.2]
det[1]: class=68 score=0.700 box=[381.7, 328.0, 433.6, 356.9]
Pre=2.38ms | Infer=206.17ms | Post=185.88ms | Total=394.43ms | FPS=2.54 | Mem=197.0 MB
Frame inference time: 210.30 ms | raw_in_boxes: 8400 | topK: 10 | final_detections: 2
det[0]: class=68 score=0.701 box=[381.8, 328.0, 433.6, 357.0]
det[1]: class=72 score=0.705 box=[210.3, 335.9, 278.1, 479.2]
Pre=2.12ms | Infer=210.30ms | Post=209.33ms | Total=421.75ms | FPS=2.37 | Mem=197.0 MB
FPS: 2.45 | Memory: 197.0 MB
Frame inference time: 210.66 ms | raw_in_boxes: 8400 | topK: 10 | final_detections: 2
det[0]: class=68 score=0.699 box=[381.9, 328.0, 433.6, 356.8]
det[1]: class=72 score=0.707 box=[210.2, 336.1, 278.1, 479.2]
Pre=2.09ms | Infer=210.66ms | Post=183.57ms | Total=396.32ms | FPS=2.52 | Mem=197.0 MB
Frame inference time: 208.32 ms | raw_in_boxes: 8400 | topK: 10 | final_detections: 2
det[0]: class=72 score=0.701 box=[210.2, 336.0, 277.7, 479.2]
det[1]: class=68 score=0.700 box=[381.8, 327.9, 433.6, 356.9]
Pre=2.22ms | Infer=208.32ms | Post=184.33ms | Total=394.87ms | FPS=2.53 | Mem=197.0 MB
Frame inference time: 215.20 ms | raw_in_boxes: 8400 | topK: 10 | final_detections: 2
det[0]: class=72 score=0.705 box=[210.3, 335.9, 278.2, 479.2]
det[1]: class=68 score=0.698 box=[381.8, 327.9, 433.5, 356.9]
Pre=2.24ms | Infer=215.20ms | Post=193.22ms | Total=410.65ms | FPS=2.44 | Mem=197.0 MB
FPS: 2.49 | Memory: 197.0 MB
Frame inference time: 207.80 ms | raw_in_boxes: 8400 | topK: 10 | final_detections: 2
det[0]: class=68 score=0.701 box=[381.8, 328.0, 433.6, 357.0]
det[1]: class=72 score=0.700 box=[210.3, 335.8, 277.9, 479.1]
Pre=2.38ms | Infer=207.80ms | Post=184.22ms | Total=394.41ms | FPS=2.54 | Mem=197.0 MB
Frame inference time: 209.59 ms | raw_in_boxes: 8400 | topK: 10 | final_detections: 2
det[0]: class=72 score=0.704 box=[210.2, 336.0, 277.9, 479.1]
det[1]: class=68 score=0.702 box=[381.8, 327.9, 433.6, 356.9]
Pre=2.22ms | Infer=209.59ms | Post=204.93ms | Total=416.75ms | FPS=2.40 | Mem=197.0 MB
Frame inference time: 206.90 ms | raw_in_boxes: 8400 | topK: 10 | final_detections: 3
det[0]: class=68 score=0.698 box=[381.8, 328.0, 433.5, 356.8]
det[1]: class=68 score=0.692 box=[212.0, 298.3, 279.3, 336.5]
det[2]: class=72 score=0.706 box=[210.2, 335.9, 278.1, 479.3]
Pre=2.14ms | Infer=206.90ms | Post=183.26ms | Total=392.31ms | FPS=2.55 | Mem=197.0 MB
FPS: 2.49 | Memory: 197.0 MB
Frame inference time: 208.99 ms | raw_in_boxes: 8400 | topK: 10 | final_detections: 3
det[0]: class=72 score=0.705 box=[210.2, 336.1, 277.8, 479.2]
det[1]: class=68 score=0.699 box=[381.8, 328.0, 433.6, 356.9]
det[2]: class=68 score=0.691 box=[212.0, 298.4, 279.7, 336.6]
Pre=2.63ms | Infer=208.99ms | Post=189.46ms | Total=401.08ms | FPS=2.49 | Mem=197.0 MB
[DBG] camera=1080x1920 | modelInput=640x640 | letterbox scale=0.3333 padX=140.00 padY=0.00 | rot=90 mirrored=false
Frame inference time: 216.19 ms | raw_in_boxes: 8400 | topK: 10 | final_detections: 3
det[0]: class=72 score=0.703 box=[210.2, 336.0, 277.6, 479.2]
det[1]: class=68 score=0.699 box=[381.9, 327.9, 433.5, 356.8]
det[2]: class=68 score=0.694 box=[211.8, 298.0, 280.7, 336.6]
Pre=2.18ms | Infer=216.19ms | Post=192.98ms | Total=411.34ms | FPS=2.43 | Mem=197.0 MB
Frame inference time: 210.69 ms | raw_in_boxes: 8400 | topK: 10 | final_detections: 3
det[0]: class=72 score=0.704 box=[210.3, 335.6, 278.3, 479.2]
det[1]: class=68 score=0.697 box=[381.8, 327.9, 433.5, 357.0]
det[2]: class=68 score=0.694 box=[211.8, 298.1, 280.2, 336.8]
Pre=2.50ms | Infer=210.69ms | Post=187.43ms | Total=400.62ms | FPS=2.50 | Mem=197.0 MB
FPS: 2.47 | Memory: 197.0 MB
Frame inference time: 208.45 ms | raw_in_boxes: 8400 | topK: 10 | final_detections: 2
det[0]: class=72 score=0.707 box=[210.2, 335.9, 278.6, 479.1]
det[1]: class=68 score=0.702 box=[381.8, 328.0, 433.6, 356.9]
Pre=2.20ms | Infer=208.45ms | Post=200.69ms | Total=411.33ms | FPS=2.43 | Mem=197.0 MB
Frame inference time: 207.12 ms | raw_in_boxes: 8400 | topK: 10 | final_detections: 2
det[0]: class=72 score=0.704 box=[210.2, 335.7, 278.3, 479.2]
det[1]: class=68 score=0.699 box=[381.8, 328.0, 433.6, 356.9]
Pre=2.12ms | Infer=207.12ms | Post=185.53ms | Total=394.76ms | FPS=2.53 | Mem=197.0 MB
Frame inference time: 203.83 ms | raw_in_boxes: 8400 | topK: 10 | final_detections: 2
det[0]: class=72 score=0.707 box=[210.3, 335.8, 278.1, 479.1]
det[1]: class=68 score=0.700 box=[381.8, 328.0, 433.6, 356.8]
Pre=2.37ms | Infer=203.83ms | Post=184.60ms | Total=390.79ms | FPS=2.56 | Mem=197.0 MB
FPS: 2.50 | Memory: 197.0 MB
Frame inference time: 212.72 ms | raw_in_boxes: 8400 | topK: 10 | final_detections: 2
det[0]: class=72 score=0.707 box=[210.3, 335.8, 278.1, 479.2]
det[1]: class=68 score=0.701 box=[381.8, 327.9, 433.5, 356.9]
Pre=2.41ms | Infer=212.72ms | Post=192.83ms | Total=407.96ms | FPS=2.45 | Mem=197.0 MB
Frame inference time: 204.75 ms | raw_in_boxes: 8400 | topK: 10 | final_detections: 2
det[0]: class=68 score=0.699 box=[381.7, 327.9, 433.5, 356.9]
det[1]: class=72 score=0.706 box=[210.2, 335.7, 278.2, 479.2]
Pre=2.36ms | Infer=204.75ms | Post=183.41ms | Total=390.52ms | FPS=2.56 | Mem=197.0 MB
Frame inference time: 202.10 ms | raw_in_boxes: 8400 | topK: 10 | final_detections: 2
det[0]: class=72 score=0.707 box=[210.3, 335.9, 278.1, 479.2]
det[1]: class=68 score=0.700 box=[381.7, 328.0, 433.6, 356.9]
Pre=2.00ms | Infer=202.10ms | Post=203.47ms | Total=407.57ms | FPS=2.45 | Mem=197.0 MB
FPS: 2.48 | Memory: 197.0 MB
Frame inference time: 205.89 ms | raw_in_boxes: 8400 | topK: 10 | final_detections: 2
det[0]: class=68 score=0.698 box=[381.8, 328.0, 433.6, 357.0]
det[1]: class=72 score=0.706 box=[210.3, 335.8, 278.3, 479.2]
Pre=2.20ms | Infer=205.89ms | Post=189.81ms | Total=397.89ms | FPS=2.51 | Mem=197.0 MB
Frame inference time: 202.53 ms | raw_in_boxes: 8400 | topK: 10 | final_detections: 2
det[0]: class=68 score=0.702 box=[381.8, 328.0, 433.6, 356.8]
det[1]: class=72 score=0.706 box=[210.3, 336.0, 278.0, 479.1]
Pre=2.19ms | Infer=202.53ms | Post=184.56ms | Total=389.29ms | FPS=2.57 | Mem=197.0 MB
Frame inference time: 214.67 ms | raw_in_boxes: 8400 | topK: 10 | final_detections: 2
det[0]: class=68 score=0.700 box=[381.8, 328.0, 433.6, 357.0]
det[1]: class=72 score=0.706 box=[210.2, 336.1, 277.9, 479.1]
Pre=2.33ms | Infer=214.67ms | Post=192.84ms | Total=409.84ms | FPS=2.44 | Mem=197.0 MB
FPS: 2.50 | Memory: 197.0 MB
Frame inference time: 203.84 ms | raw_in_boxes: 8400 | topK: 10 | final_detections: 2
det[0]: class=72 score=0.706 box=[210.3, 335.9, 278.2, 479.2]
det[1]: class=68 score=0.702 box=[381.8, 327.9, 433.6, 357.0]
Pre=2.31ms | Infer=203.84ms | Post=184.17ms | Total=390.32ms | FPS=2.56 | Mem=197.0 MB
Frame inference time: 202.29 ms | raw_in_boxes: 8400 | topK: 10 | final_detections: 2
det[0]: class=68 score=0.702 box=[381.8, 328.0, 433.5, 356.9]
det[1]: class=72 score=0.705 box=[210.3, 335.9, 278.1, 479.1]
Pre=2.53ms | Infer=202.29ms | Post=201.81ms | Total=406.62ms | FPS=2.46 | Mem=197.0 MB
Frame inference time: 207.05 ms | raw_in_boxes: 8400 | topK: 10 | final_detections: 2
det[0]: class=72 score=0.707 box=[210.3, 336.1, 277.8, 479.1]
det[1]: class=68 score=0.698 box=[381.8, 327.9, 433.5, 357.0]
Pre=2.14ms | Infer=207.05ms | Post=185.98ms | Total=395.17ms | FPS=2.53 | Mem=197.0 MB
FPS: 2.51 | Memory: 197.0 MB
Frame inference time: 204.15 ms | raw_in_boxes: 8400 | topK: 10 | final_detections: 2
det[0]: class=68 score=0.702 box=[381.8, 328.0, 433.6, 357.0]
det[1]: class=72 score=0.704 box=[210.3, 335.8, 278.2, 479.2]
Pre=2.31ms | Infer=204.15ms | Post=187.52ms | Total=393.98ms | FPS=2.54 | Mem=197.0 MB
Frame inference time: 207.45 ms | raw_in_boxes: 8400 | topK: 10 | final_detections: 2
det[0]: class=68 score=0.702 box=[381.8, 328.0, 433.6, 356.9]
det[1]: class=72 score=0.705 box=[210.3, 335.8, 278.2, 479.2]
Pre=2.20ms | Infer=207.45ms | Post=196.33ms | Total=405.98ms | FPS=2.46 | Mem=197.0 MB
Frame inference time: 204.88 ms | raw_in_boxes: 8400 | topK: 10 | final_detections: 2
det[0]: class=68 score=0.703 box=[381.8, 328.0, 433.7, 356.9]
det[1]: class=72 score=0.704 box=[210.3, 335.9, 278.2, 479.2]
Pre=2.42ms | Infer=204.88ms | Post=184.28ms | Total=391.57ms | FPS=2.55 | Mem=197.0 MB
FPS: 2.52 | Memory: 197.0 MB
Frame inference time: 205.14 ms | raw_in_boxes: 8400 | topK: 10 | final_detections: 2
det[0]: class=72 score=0.706 box=[210.3, 335.8, 278.4, 479.2]
det[1]: class=68 score=0.701 box=[381.8, 327.9, 433.6, 356.9]
Pre=2.20ms | Infer=205.14ms | Post=200.45ms | Total=407.80ms | FPS=2.45 | Mem=197.0 MB
Frame inference time: 204.08 ms | raw_in_boxes: 8400 | topK: 10 | final_detections: 2
det[0]: class=72 score=0.706 box=[210.3, 336.0, 277.8, 479.2]
det[1]: class=68 score=0.700 box=[381.8, 328.0, 433.5, 356.9]
Pre=2.15ms | Infer=204.08ms | Post=183.11ms | Total=389.34ms | FPS=2.57 | Mem=197.0 MB
Frame inference time: 205.82 ms | raw_in_boxes: 8400 | topK: 10 | final_detections: 2
det[0]: class=72 score=0.703 box=[210.2, 336.1, 277.8, 479.2]
det[1]: class=68 score=0.703 box=[381.8, 328.0, 433.6, 357.0]
Pre=2.21ms | Infer=205.82ms | Post=186.29ms | Total=394.31ms | FPS=2.54 | Mem=197.0 MB
FPS: 2.52 | Memory: 197.0 MB
Frame inference time: 210.61 ms | raw_in_boxes: 8400 | topK: 10 | final_detections: 2
det[0]: class=68 score=0.700 box=[381.8, 328.0, 433.5, 357.0]
det[1]: class=72 score=0.706 box=[210.3, 335.9, 278.1, 479.2]
Pre=2.26ms | Infer=210.61ms | Post=192.61ms | Total=405.47ms | FPS=2.47 | Mem=197.0 MB
Frame inference time: 207.42 ms | raw_in_boxes: 8400 | topK: 10 | final_detections: 2
det[0]: class=72 score=0.703 box=[210.2, 336.0, 278.0, 479.1]
det[1]: class=68 score=0.701 box=[381.7, 328.0, 433.6, 357.0]
Pre=2.37ms | Infer=207.42ms | Post=182.48ms | Total=392.27ms | FPS=2.55 | Mem=197.0 MB
Frame inference time: 203.12 ms | raw_in_boxes: 8400 | topK: 10 | final_detections: 2
det[0]: class=68 score=0.701 box=[381.8, 327.9, 433.6, 356.9]
det[1]: class=72 score=0.708 box=[210.3, 336.0, 278.3, 479.1]
Pre=2.19ms | Infer=203.12ms | Post=205.50ms | Total=410.81ms | FPS=2.43 | Mem=197.0 MB
FPS: 2.48 | Memory: 197.0 MB
Frame inference time: 204.95 ms | raw_in_boxes: 8400 | topK: 10 | final_detections: 2
det[0]: class=72 score=0.703 box=[210.2, 336.0, 278.2, 479.1]
det[1]: class=68 score=0.703 box=[381.8, 328.0, 433.5, 356.9]
Pre=2.10ms | Infer=204.95ms | Post=189.31ms | Total=396.35ms | FPS=2.52 | Mem=197.0 MB
Frame inference time: 204.27 ms | raw_in_boxes: 8400 | topK: 10 | final_detections: 2
det[0]: class=68 score=0.702 box=[381.7, 328.0, 433.7, 357.0]
det[1]: class=72 score=0.703 box=[210.2, 335.8, 278.1, 479.2]
Pre=2.15ms | Infer=204.27ms | Post=186.14ms | Total=392.56ms | FPS=2.55 | Mem=197.0 MB
Frame inference time: 210.94 ms | raw_in_boxes: 8400 | topK: 10 | final_detections: 2
det[0]: class=68 score=0.699 box=[381.8, 328.0, 433.5, 357.0]
det[1]: class=72 score=0.706 box=[210.3, 335.8, 278.1, 479.1]
Pre=2.24ms | Infer=210.94ms | Post=192.63ms | Total=405.80ms | FPS=2.46 | Mem=197.0 MB
FPS: 2.51 | Memory: 197.0 MB
Frame inference time: 209.66 ms | raw_in_boxes: 8400 | topK: 10 | final_detections: 3
det[0]: class=72 score=0.705 box=[210.2, 336.0, 277.8, 479.2]
det[1]: class=68 score=0.700 box=[381.8, 328.0, 433.5, 356.9]
det[2]: class=68 score=0.694 box=[212.0, 298.2, 280.2, 336.6]
Pre=2.45ms | Infer=209.66ms | Post=188.30ms | Total=400.40ms | FPS=2.50 | Mem=197.0 MB
Frame inference time: 203.19 ms | raw_in_boxes: 8400 | topK: 10 | final_detections: 2
det[0]: class=72 score=0.704 box=[210.3, 335.7, 278.7, 479.2]
det[1]: class=68 score=0.701 box=[381.8, 327.9, 433.7, 356.9]
Pre=2.27ms | Infer=203.19ms | Post=206.88ms | Total=412.34ms | FPS=2.43 | Mem=197.0 MB
Frame inference time: 208.04 ms | raw_in_boxes: 8400 | topK: 10 | final_detections: 2
det[0]: class=68 score=0.702 box=[381.8, 328.1, 433.6, 357.1]
det[1]: class=72 score=0.711 box=[210.3, 336.1, 278.2, 479.2]
Pre=2.14ms | Infer=208.04ms | Post=187.41ms | Total=397.60ms | FPS=2.52 | Mem=197.0 MB
FPS: 2.48 | Memory: 197.0 MB
Frame inference time: 203.78 ms | raw_in_boxes: 8400 | topK: 10 | final_detections: 2
det[0]: class=68 score=0.701 box=[381.8, 328.0, 433.5, 356.9]
det[1]: class=72 score=0.706 box=[210.3, 335.8, 278.4, 479.2]
Pre=2.17ms | Infer=203.78ms | Post=184.89ms | Total=390.85ms | FPS=2.56 | Mem=197.0 MB
[DBG] camera=1080x1920 | modelInput=640x640 | letterbox scale=0.3333 padX=140.00 padY=0.00 | rot=90 mirrored=false
Inference time stats (n=100): mean=209.36 ms | p95=215.20 ms
Frame inference time: 212.61 ms | raw_in_boxes: 8400 | topK: 10 | final_detections: 2
det[0]: class=68 score=0.701 box=[381.9, 328.0, 433.6, 357.0]
det[1]: class=72 score=0.703 box=[210.3, 335.9, 278.1, 479.2]
Pre=2.06ms | Infer=212.61ms | Post=196.78ms | Total=411.45ms | FPS=2.43 | Mem=197.0 MB
Frame inference time: 206.02 ms | raw_in_boxes: 8400 | topK: 10 | final_detections: 2
det[0]: class=68 score=0.701 box=[381.9, 328.0, 433.5, 356.9]
det[1]: class=72 score=0.704 box=[210.3, 335.8, 278.3, 479.1]
Pre=2.44ms | Infer=206.02ms | Post=188.93ms | Total=397.39ms | FPS=2.52 | Mem=197.0 MB
FPS: 2.50 | Memory: 197.0 MB
Frame inference time: 204.26 ms | raw_in_boxes: 8400 | topK: 10 | final_detections: 2
det[0]: class=72 score=0.705 box=[210.3, 335.7, 278.3, 479.2]
det[1]: class=68 score=0.702 box=[381.8, 328.0, 433.5, 356.9]
Pre=1.81ms | Infer=204.26ms | Post=203.32ms | Total=409.40ms | FPS=2.44 | Mem=197.0 MB
Frame inference time: 207.56 ms | raw_in_boxes: 8400 | topK: 10 | final_detections: 2
det[0]: class=68 score=0.699 box=[381.8, 328.0, 433.5, 356.9]
det[1]: class=72 score=0.706 box=[210.3, 336.0, 278.3, 479.1]
Pre=2.15ms | Infer=207.56ms | Post=182.86ms | Total=392.56ms | FPS=2.55 | Mem=197.0 MB
Frame inference time: 202.84 ms | raw_in_boxes: 8400 | topK: 10 | final_detections: 2
det[0]: class=72 score=0.705 box=[210.3, 335.8, 278.1, 479.2]
det[1]: class=68 score=0.700 box=[381.8, 328.0, 433.5, 357.0]
Pre=2.13ms | Infer=202.84ms | Post=185.88ms | Total=390.86ms | FPS=2.56 | Mem=197.0 MB
FPS: 2.51 | Memory: 197.0 MB
Frame inference time: 216.23 ms | raw_in_boxes: 8400 | topK: 10 | final_detections: 2
det[0]: class=72 score=0.703 box=[210.2, 335.8, 278.2, 479.2]
det[1]: class=68 score=0.699 box=[381.8, 327.9, 433.6, 356.9]
Pre=2.32ms | Infer=216.23ms | Post=192.60ms | Total=411.15ms | FPS=2.43 | Mem=197.0 MB
Frame inference time: 203.79 ms | raw_in_boxes: 8400 | topK: 10 | final_detections: 3
det[0]: class=72 score=0.706 box=[210.3, 336.0, 278.1, 479.2]
det[1]: class=68 score=0.701 box=[381.7, 328.0, 433.6, 356.9]
det[2]: class=68 score=0.695 box=[211.7, 298.1, 280.6, 336.6]
Pre=2.44ms | Infer=203.79ms | Post=186.29ms | Total=392.52ms | FPS=2.55 | Mem=197.0 MB
Frame inference time: 204.90 ms | raw_in_boxes: 8400 | topK: 10 | final_detections: 2
det[0]: class=68 score=0.698 box=[381.8, 328.0, 433.6, 356.8]
det[1]: class=72 score=0.705 box=[210.3, 335.9, 278.1, 479.2]
Pre=1.84ms | Infer=204.90ms | Post=200.95ms | Total=407.69ms | FPS=2.45 | Mem=197.0 MB
FPS: 2.47 | Memory: 197.0 MB
Frame inference time: 206.92 ms | raw_in_boxes: 8400 | topK: 10 | final_detections: 2
det[0]: class=72 score=0.707 box=[210.3, 335.8, 278.2, 479.2]
det[1]: class=68 score=0.699 box=[381.8, 328.0, 433.5, 357.0]
Pre=2.30ms | Infer=206.92ms | Post=186.25ms | Total=395.47ms | FPS=2.53 | Mem=197.0 MB
Frame inference time: 205.67 ms | raw_in_boxes: 8400 | topK: 10 | final_detections: 2
det[0]: class=68 score=0.702 box=[381.8, 328.1, 433.6, 357.0]
det[1]: class=72 score=0.706 box=[210.3, 336.1, 277.7, 479.2]
Pre=2.05ms | Infer=205.67ms | Post=184.83ms | Total=392.55ms | FPS=2.55 | Mem=197.0 MB
Frame inference time: 216.98 ms | raw_in_boxes: 8400 | topK: 10 | final_detections: 2
det[0]: class=72 score=0.706 box=[210.2, 335.9, 278.0, 479.2]
det[1]: class=68 score=0.702 box=[381.8, 328.0, 433.6, 357.0]
Pre=2.26ms | Infer=216.98ms | Post=193.03ms | Total=412.28ms | FPS=2.43 | Mem=197.0 MB
FPS: 2.50 | Memory: 197.0 MB
Frame inference time: 202.82 ms | raw_in_boxes: 8400 | topK: 10 | final_detections: 2
det[0]: class=72 score=0.707 box=[210.3, 335.7, 278.5, 479.1]
det[1]: class=68 score=0.702 box=[381.8, 328.0, 433.6, 356.9]
Pre=2.35ms | Infer=202.82ms | Post=185.08ms | Total=390.25ms | FPS=2.56 | Mem=197.0 MB
Frame inference time: 204.91 ms | raw_in_boxes: 8400 | topK: 10 | final_detections: 2
det[0]: class=72 score=0.703 box=[210.3, 335.9, 278.0, 479.1]
det[1]: class=68 score=0.702 box=[381.8, 328.0, 433.6, 356.9]
Pre=1.81ms | Infer=204.91ms | Post=202.76ms | Total=409.48ms | FPS=2.44 | Mem=197.0 MB
Frame inference time: 207.14 ms | raw_in_boxes: 8400 | topK: 10 | final_detections: 2
det[0]: class=72 score=0.707 box=[210.3, 335.7, 278.4, 479.2]
det[1]: class=68 score=0.700 box=[381.8, 328.1, 433.5, 357.0]
Pre=2.34ms | Infer=207.14ms | Post=185.28ms | Total=394.76ms | FPS=2.53 | Mem=197.0 MB
FPS: 2.51 | Memory: 197.0 MB
Frame inference time: 203.87 ms | raw_in_boxes: 8400 | topK: 10 | final_detections: 2
det[0]: class=72 score=0.705 box=[210.3, 335.9, 278.0, 479.1]
det[1]: class=68 score=0.703 box=[381.8, 328.0, 433.6, 356.9]
Pre=2.15ms | Infer=203.87ms | Post=185.95ms | Total=391.97ms | FPS=2.55 | Mem=197.0 MB
Frame inference time: 208.91 ms | raw_in_boxes: 8400 | topK: 10 | final_detections: 2
det[0]: class=72 score=0.707 box=[210.3, 336.0, 278.0, 479.2]
det[1]: class=68 score=0.702 box=[381.8, 328.0, 433.7, 357.0]
Pre=2.15ms | Infer=208.91ms | Post=192.70ms | Total=403.76ms | FPS=2.48 | Mem=197.0 MB
Frame inference time: 207.97 ms | raw_in_boxes: 8400 | topK: 10 | final_detections: 2
det[0]: class=68 score=0.700 box=[381.8, 328.0, 433.5, 356.8]
det[1]: class=72 score=0.704 box=[210.3, 335.9, 278.1, 479.2]
Pre=2.25ms | Infer=207.97ms | Post=183.00ms | Total=393.23ms | FPS=2.54 | Mem=197.0 MB
FPS: 2.52 | Memory: 197.0 MB
Frame inference time: 201.46 ms | raw_in_boxes: 8400 | topK: 10 | final_detections: 3
det[0]: class=72 score=0.702 box=[210.3, 335.9, 278.0, 479.3]
det[1]: class=68 score=0.699 box=[381.8, 328.0, 433.5, 356.9]
det[2]: class=68 score=0.695 box=[211.9, 298.2, 279.7, 336.7]
Pre=2.28ms | Infer=201.46ms | Post=199.33ms | Total=403.07ms | FPS=2.48 | Mem=197.0 MB
Frame inference time: 206.89 ms | raw_in_boxes: 8400 | topK: 10 | final_detections: 2
det[0]: class=72 score=0.703 box=[210.2, 335.7, 278.1, 479.2]
det[1]: class=68 score=0.698 box=[381.8, 327.9, 433.5, 356.9]
Pre=2.27ms | Infer=206.89ms | Post=184.32ms | Total=393.48ms | FPS=2.54 | Mem=197.0 MB
Frame inference time: 202.53 ms | raw_in_boxes: 8400 | topK: 10 | final_detections: 3
det[0]: class=72 score=0.704 box=[210.3, 336.2, 277.5, 479.2]
det[1]: class=68 score=0.697 box=[381.8, 328.0, 433.6, 357.0]
det[2]: class=68 score=0.693 box=[211.9, 298.3, 279.1, 336.5]
Pre=2.52ms | Infer=202.53ms | Post=186.30ms | Total=391.34ms | FPS=2.56 | Mem=197.0 MB
FPS: 2.52 | Memory: 197.0 MB
Frame inference time: 209.41 ms | raw_in_boxes: 8400 | topK: 10 | final_detections: 2
det[0]: class=72 score=0.707 box=[210.3, 335.8, 278.2, 479.2]
det[1]: class=68 score=0.698 box=[381.8, 327.9, 433.5, 356.9]
Pre=2.68ms | Infer=209.41ms | Post=193.53ms | Total=405.62ms | FPS=2.47 | Mem=197.0 MB
Frame inference time: 206.41 ms | raw_in_boxes: 8400 | topK: 10 | final_detections: 2
det[0]: class=72 score=0.706 box=[210.3, 336.0, 278.0, 479.2]
det[1]: class=68 score=0.700 box=[381.8, 328.1, 433.5, 356.9]
Pre=2.31ms | Infer=206.41ms | Post=191.60ms | Total=400.32ms | FPS=2.50 | Mem=197.0 MB
Frame inference time: 206.35 ms | raw_in_boxes: 8400 | topK: 10 | final_detections: 2
det[0]: class=72 score=0.704 box=[210.2, 336.0, 277.8, 479.1]
det[1]: class=68 score=0.700 box=[381.8, 327.9, 433.6, 357.0]
Pre=2.53ms | Infer=206.35ms | Post=205.54ms | Total=414.42ms | FPS=2.41 | Mem=197.0 MB
FPS: 2.46 | Memory: 197.0 MB
Frame inference time: 209.72 ms | raw_in_boxes: 8400 | topK: 10 | final_detections: 3
det[0]: class=72 score=0.700 box=[210.3, 335.9, 277.9, 479.3]
det[1]: class=68 score=0.699 box=[381.9, 328.0, 433.5, 357.0]
det[2]: class=68 score=0.693 box=[211.9, 298.2, 280.1, 336.6]
Pre=2.21ms | Infer=209.72ms | Post=184.11ms | Total=396.04ms | FPS=2.52 | Mem=197.0 MB
Frame inference time: 203.01 ms | raw_in_boxes: 8400 | topK: 10 | final_detections: 2
det[0]: class=72 score=0.706 box=[210.3, 335.8, 278.0, 479.2]
det[1]: class=68 score=0.699 box=[381.7, 327.9, 433.6, 357.0]
Pre=2.09ms | Infer=203.01ms | Post=186.85ms | Total=391.95ms | FPS=2.55 | Mem=197.0 MB
Frame inference time: 211.21 ms | raw_in_boxes: 8400 | topK: 10 | final_detections: 2
det[0]: class=72 score=0.704 box=[210.3, 335.9, 278.2, 479.1]
det[1]: class=68 score=0.698 box=[381.9, 328.1, 433.6, 356.9]
Pre=2.28ms | Infer=211.21ms | Post=192.78ms | Total=406.27ms | FPS=2.46 | Mem=197.0 MB
FPS: 2.51 | Memory: 197.0 MB
Frame inference time: 205.86 ms | raw_in_boxes: 8400 | topK: 10 | final_detections: 2
det[0]: class=72 score=0.708 box=[210.3, 336.0, 278.1, 479.2]
det[1]: class=68 score=0.701 box=[381.8, 327.9, 433.6, 356.9]
Pre=2.20ms | Infer=205.86ms | Post=185.81ms | Total=393.87ms | FPS=2.54 | Mem=197.0 MB
Frame inference time: 205.56 ms | raw_in_boxes: 8400 | topK: 10 | final_detections: 3
det[0]: class=68 score=0.697 box=[381.8, 327.9, 433.4, 356.9]
det[1]: class=68 score=0.694 box=[211.8, 298.0, 280.5, 336.8]
det[2]: class=72 score=0.706 box=[210.3, 335.9, 278.1, 479.1]
Pre=1.85ms | Infer=205.56ms | Post=202.73ms | Total=410.14ms | FPS=2.44 | Mem=197.0 MB
Frame inference time: 208.54 ms | raw_in_boxes: 8400 | topK: 10 | final_detections: 2
det[0]: class=72 score=0.706 box=[210.3, 335.9, 278.3, 479.2]
det[1]: class=68 score=0.697 box=[381.8, 328.0, 433.5, 357.0]
Pre=2.33ms | Infer=208.54ms | Post=183.93ms | Total=394.80ms | FPS=2.53 | Mem=197.0 MB
FPS: 2.50 | Memory: 197.0 MB
Frame inference time: 206.58 ms | raw_in_boxes: 8400 | topK: 10 | final_detections: 2
det[0]: class=72 score=0.707 box=[210.3, 336.1, 277.9, 479.1]
det[1]: class=68 score=0.702 box=[381.8, 328.0, 433.5, 357.0]
Pre=2.21ms | Infer=206.58ms | Post=184.22ms | Total=393.02ms | FPS=2.54 | Mem=197.0 MB
[DBG] camera=1080x1920 | modelInput=640x640 | letterbox scale=0.3333 padX=140.00 padY=0.00 | rot=90 mirrored=false
Frame inference time: 207.23 ms | raw_in_boxes: 8400 | topK: 10 | final_detections: 2
det[0]: class=72 score=0.703 box=[210.3, 336.0, 277.9, 479.2]
det[1]: class=68 score=0.700 box=[381.8, 327.9, 433.7, 356.8]
Pre=2.24ms | Infer=207.23ms | Post=192.58ms | Total=402.05ms | FPS=2.49 | Mem=197.0 MB
Frame inference time: 210.77 ms | raw_in_boxes: 8400 | topK: 10 | final_detections: 2
det[0]: class=72 score=0.708 box=[210.4, 336.0, 278.3, 479.2]
det[1]: class=68 score=0.699 box=[381.8, 327.9, 433.5, 357.1]
Pre=2.21ms | Infer=210.77ms | Post=190.12ms | Total=403.10ms | FPS=2.48 | Mem=197.0 MB
FPS: 2.50 | Memory: 197.0 MB
Frame inference time: 204.60 ms | raw_in_boxes: 8400 | topK: 10 | final_detections: 2
det[0]: class=72 score=0.703 box=[210.3, 335.9, 278.0, 479.1]
det[1]: class=68 score=0.700 box=[381.8, 327.9, 433.6, 357.0]
Pre=1.82ms | Infer=204.60ms | Post=202.18ms | Total=408.60ms | FPS=2.45 | Mem=197.0 MB
Frame inference time: 212.92 ms | raw_in_boxes: 8400 | topK: 10 | final_detections: 2
det[0]: class=72 score=0.707 box=[210.3, 335.8, 278.4, 479.1]
det[1]: class=68 score=0.701 box=[381.9, 328.0, 433.6, 356.9]
Pre=2.30ms | Infer=212.92ms | Post=193.93ms | Total=409.15ms | FPS=2.44 | Mem=197.0 MB
Frame inference time: 206.35 ms | raw_in_boxes: 8400 | topK: 10 | final_detections: 3
det[0]: class=72 score=0.704 box=[210.3, 335.9, 278.0, 479.2]
det[1]: class=68 score=0.697 box=[381.8, 328.0, 433.4, 356.9]
det[2]: class=68 score=0.689 box=[212.0, 298.3, 279.8, 336.5]
Pre=2.16ms | Infer=206.35ms | Post=184.59ms | Total=393.10ms | FPS=2.54 | Mem=197.0 MB
FPS: 2.48 | Memory: 197.0 MB
Frame inference time: 212.25 ms | raw_in_boxes: 8400 | topK: 10 | final_detections: 2
det[0]: class=68 score=0.701 box=[381.8, 328.0, 433.5, 357.0]
det[1]: class=72 score=0.706 box=[210.3, 336.0, 277.9, 479.2]
Pre=2.16ms | Infer=212.25ms | Post=192.54ms | Total=406.95ms | FPS=2.46 | Mem=197.0 MB
Frame inference time: 203.73 ms | raw_in_boxes: 8400 | topK: 10 | final_detections: 2
det[0]: class=72 score=0.704 box=[210.3, 335.8, 278.1, 479.1]
det[1]: class=68 score=0.701 box=[381.8, 328.0, 433.5, 356.9]
Pre=2.22ms | Infer=203.73ms | Post=191.18ms | Total=397.13ms | FPS=2.52 | Mem=197.0 MB
Frame inference time: 204.72 ms | raw_in_boxes: 8400 | topK: 10 | final_detections: 2
det[0]: class=68 score=0.704 box=[381.8, 328.0, 433.7, 357.0]
det[1]: class=72 score=0.707 box=[210.2, 335.7, 278.3, 479.2]
Pre=2.77ms | Infer=204.72ms | Post=201.41ms | Total=408.90ms | FPS=2.45 | Mem=197.0 MB
FPS: 2.47 | Memory: 197.0 MB
Frame inference time: 202.60 ms | raw_in_boxes: 8400 | topK: 10 | final_detections: 2
det[0]: class=72 score=0.705 box=[210.2, 336.0, 278.2, 479.2]
det[1]: class=68 score=0.702 box=[381.8, 327.9, 433.6, 357.0]
Pre=1.92ms | Infer=202.60ms | Post=189.49ms | Total=394.02ms | FPS=2.54 | Mem=197.0 MB
Frame inference time: 202.58 ms | raw_in_boxes: 8400 | topK: 10 | final_detections: 2
det[0]: class=72 score=0.708 box=[210.2, 335.9, 278.3, 479.2]
det[1]: class=68 score=0.699 box=[381.8, 328.0, 433.6, 357.0]
Pre=2.21ms | Infer=202.58ms | Post=184.31ms | Total=389.10ms | FPS=2.57 | Mem=197.0 MB
Frame inference time: 214.14 ms | raw_in_boxes: 8400 | topK: 10 | final_detections: 2
det[0]: class=72 score=0.705 box=[210.3, 336.1, 278.0, 479.1]
det[1]: class=68 score=0.700 box=[381.8, 328.0, 433.5, 356.9]
Pre=2.07ms | Infer=214.14ms | Post=192.49ms | Total=408.69ms | FPS=2.45 | Mem=197.0 MB
FPS: 2.51 | Memory: 197.0 MB
Frame inference time: 205.56 ms | raw_in_boxes: 8400 | topK: 10 | final_detections: 2
det[0]: class=68 score=0.701 box=[381.8, 328.0, 433.6, 356.9]
det[1]: class=72 score=0.703 box=[210.3, 335.8, 278.1, 479.2]
Pre=2.15ms | Infer=205.56ms | Post=183.20ms | Total=390.91ms | FPS=2.56 | Mem=197.0 MB
Frame inference time: 203.99 ms | raw_in_boxes: 8400 | topK: 10 | final_detections: 2
det[0]: class=68 score=0.703 box=[381.9, 328.0, 433.6, 356.9]
det[1]: class=72 score=0.704 box=[210.3, 335.8, 278.3, 479.2]
Pre=2.19ms | Infer=203.99ms | Post=204.69ms | Total=410.87ms | FPS=2.43 | Mem=197.0 MB
Frame inference time: 204.71 ms | raw_in_boxes: 8400 | topK: 10 | final_detections: 3
det[0]: class=68 score=0.701 box=[381.8, 328.0, 433.6, 357.0]
det[1]: class=68 score=0.695 box=[212.0, 298.2, 280.6, 336.6]
det[2]: class=72 score=0.709 box=[210.3, 336.0, 277.9, 479.1]
Pre=2.44ms | Infer=204.71ms | Post=185.79ms | Total=392.93ms | FPS=2.54 | Mem=197.0 MB
FPS: 2.51 | Memory: 197.0 MB
Frame inference time: 206.03 ms | raw_in_boxes: 8400 | topK: 10 | final_detections: 2
det[0]: class=68 score=0.701 box=[381.8, 327.9, 433.6, 356.9]
det[1]: class=72 score=0.706 box=[210.3, 335.8, 278.2, 479.1]
Pre=2.30ms | Infer=206.03ms | Post=185.66ms | Total=394.00ms | FPS=2.54 | Mem=197.0 MB
Frame inference time: 212.33 ms | raw_in_boxes: 8400 | topK: 10 | final_detections: 2
det[0]: class=68 score=0.702 box=[381.8, 328.0, 433.6, 357.0]
det[1]: class=72 score=0.702 box=[210.3, 335.9, 277.9, 479.1]
Pre=2.25ms | Infer=212.33ms | Post=192.32ms | Total=406.89ms | FPS=2.46 | Mem=197.0 MB
Frame inference time: 204.21 ms | raw_in_boxes: 8400 | topK: 10 | final_detections: 3
det[0]: class=72 score=0.702 box=[210.3, 335.7, 278.0, 479.3]
det[1]: class=68 score=0.701 box=[381.9, 328.0, 433.6, 357.0]
det[2]: class=68 score=0.694 box=[211.8, 298.2, 280.2, 336.7]
Pre=2.64ms | Infer=204.21ms | Post=184.22ms | Total=391.07ms | FPS=2.56 | Mem=197.0 MB
FPS: 2.51 | Memory: 197.0 MB
Frame inference time: 206.95 ms | raw_in_boxes: 8400 | topK: 10 | final_detections: 2
det[0]: class=68 score=0.700 box=[381.9, 328.0, 433.6, 356.9]
det[1]: class=72 score=0.706 box=[210.3, 336.0, 278.2, 479.1]
Pre=2.22ms | Infer=206.95ms | Post=205.06ms | Total=414.24ms | FPS=2.41 | Mem=197.0 MB
Frame inference time: 204.08 ms | raw_in_boxes: 8400 | topK: 10 | final_detections: 3
det[0]: class=72 score=0.706 box=[210.3, 335.9, 278.1, 479.2]
det[1]: class=68 score=0.696 box=[381.8, 328.0, 433.5, 356.9]
det[2]: class=68 score=0.688 box=[212.0, 298.3, 279.9, 336.5]
Pre=2.55ms | Infer=204.08ms | Post=185.24ms | Total=391.87ms | FPS=2.55 | Mem=197.0 MB
Frame inference time: 204.30 ms | raw_in_boxes: 8400 | topK: 10 | final_detections: 2
det[0]: class=72 score=0.706 box=[210.3, 336.0, 277.8, 479.2]
det[1]: class=68 score=0.702 box=[381.8, 328.1, 433.6, 357.0]
Pre=2.85ms | Infer=204.30ms | Post=185.61ms | Total=392.76ms | FPS=2.55 | Mem=197.0 MB
FPS: 2.50 | Memory: 197.0 MB
Frame inference time: 210.67 ms | raw_in_boxes: 8400 | topK: 10 | final_detections: 2
det[0]: class=72 score=0.703 box=[210.2, 335.7, 278.2, 479.1]
det[1]: class=68 score=0.700 box=[381.8, 328.0, 433.5, 356.9]
Pre=2.13ms | Infer=210.67ms | Post=193.33ms | Total=406.13ms | FPS=2.46 | Mem=197.0 MB
Frame inference time: 208.22 ms | raw_in_boxes: 8400 | topK: 10 | final_detections: 2
det[0]: class=72 score=0.706 box=[210.3, 335.8, 278.0, 479.2]
det[1]: class=68 score=0.700 box=[381.8, 327.9, 433.6, 357.0]
Pre=2.24ms | Infer=208.22ms | Post=183.99ms | Total=394.45ms | FPS=2.54 | Mem=197.0 MB
Frame inference time: 204.59 ms | raw_in_boxes: 8400 | topK: 10 | final_detections: 2
det[0]: class=72 score=0.707 box=[210.3, 335.8, 278.4, 479.2]
det[1]: class=68 score=0.699 box=[381.9, 328.0, 433.6, 357.0]
Pre=2.12ms | Infer=204.59ms | Post=202.07ms | Total=408.78ms | FPS=2.45 | Mem=197.0 MB
FPS: 2.48 | Memory: 197.0 MB
Frame inference time: 201.24 ms | raw_in_boxes: 8400 | topK: 10 | final_detections: 2
det[0]: class=72 score=0.708 box=[210.3, 336.1, 277.8, 479.2]
det[1]: class=68 score=0.700 box=[381.8, 328.0, 433.5, 357.0]
Pre=2.35ms | Infer=201.24ms | Post=192.53ms | Total=396.11ms | FPS=2.52 | Mem=197.0 MB
Frame inference time: 206.13 ms | raw_in_boxes: 8400 | topK: 10 | final_detections: 3
det[0]: class=72 score=0.708 box=[210.2, 335.9, 278.0, 479.1]
det[1]: class=68 score=0.700 box=[381.8, 328.1, 433.6, 357.0]
det[2]: class=68 score=0.695 box=[212.0, 298.2, 280.7, 336.6]
Pre=2.82ms | Infer=206.13ms | Post=183.07ms | Total=392.01ms | FPS=2.55 | Mem=197.0 MB
Frame inference time: 213.14 ms | raw_in_boxes: 8400 | topK: 10 | final_detections: 2
det[0]: class=72 score=0.706 box=[210.3, 335.8, 278.3, 479.1]
det[1]: class=68 score=0.701 box=[381.8, 328.0, 433.6, 356.8]
Pre=2.18ms | Infer=213.14ms | Post=192.45ms | Total=407.77ms | FPS=2.45 | Mem=197.0 MB
FPS: 2.51 | Memory: 197.0 MB
Frame inference time: 204.37 ms | raw_in_boxes: 8400 | topK: 10 | final_detections: 2
det[0]: class=68 score=0.700 box=[381.8, 328.0, 433.6, 357.0]
det[1]: class=72 score=0.706 box=[210.3, 335.7, 278.4, 479.1]
Pre=2.74ms | Infer=204.37ms | Post=184.14ms | Total=391.25ms | FPS=2.56 | Mem=197.0 MB
Frame inference time: 205.86 ms | raw_in_boxes: 8400 | topK: 10 | final_detections: 2
det[0]: class=68 score=0.702 box=[381.8, 328.0, 433.6, 357.0]
det[1]: class=72 score=0.709 box=[210.3, 336.1, 278.0, 479.1]
Pre=2.34ms | Infer=205.86ms | Post=202.09ms | Total=410.29ms | FPS=2.44 | Mem=197.0 MB
Frame inference time: 208.18 ms | raw_in_boxes: 8400 | topK: 10 | final_detections: 2
det[0]: class=68 score=0.699 box=[381.8, 328.0, 433.6, 357.1]
det[1]: class=72 score=0.707 box=[210.3, 335.7, 278.4, 479.1]
Pre=2.11ms | Infer=208.18ms | Post=184.31ms | Total=394.60ms | FPS=2.53 | Mem=197.0 MB
FPS: 2.51 | Memory: 197.0 MB
Frame inference time: 204.52 ms | raw_in_boxes: 8400 | topK: 10 | final_detections: 2
det[0]: class=72 score=0.708 box=[210.3, 336.0, 277.9, 479.2]
det[1]: class=68 score=0.701 box=[381.8, 328.0, 433.6, 357.0]
Pre=2.39ms | Infer=204.52ms | Post=186.26ms | Total=393.17ms | FPS=2.54 | Mem=197.0 MB
[DBG] camera=1080x1920 | modelInput=640x640 | letterbox scale=0.3333 padX=140.00 padY=0.00 | rot=90 mirrored=false
Frame inference time: 212.31 ms | raw_in_boxes: 8400 | topK: 10 | final_detections: 2
det[0]: class=72 score=0.705 box=[210.3, 336.0, 277.9, 479.1]
det[1]: class=68 score=0.702 box=[381.8, 328.0, 433.5, 357.0]
Pre=2.43ms | Infer=212.31ms | Post=192.59ms | Total=407.33ms | FPS=2.45 | Mem=197.0 MB
Frame inference time: 205.73 ms | raw_in_boxes: 8400 | topK: 10 | final_detections: 2
det[0]: class=68 score=0.699 box=[381.8, 327.9, 433.6, 357.0]
det[1]: class=72 score=0.701 box=[210.3, 335.9, 278.2, 479.1]
Pre=2.48ms | Infer=205.73ms | Post=185.56ms | Total=393.77ms | FPS=2.54 | Mem=197.0 MB
FPS: 2.51 | Memory: 197.0 MB
Frame inference time: 204.61 ms | raw_in_boxes: 8400 | topK: 10 | final_detections: 2
det[0]: class=68 score=0.699 box=[381.8, 328.0, 433.6, 357.0]
det[1]: class=72 score=0.705 box=[210.3, 336.1, 278.1, 479.1]
Pre=2.31ms | Infer=204.61ms | Post=202.64ms | Total=409.57ms | FPS=2.44 | Mem=197.0 MB
Frame inference time: 205.89 ms | raw_in_boxes: 8400 | topK: 10 | final_detections: 3
det[0]: class=68 score=0.698 box=[381.8, 328.0, 433.6, 357.0]
det[1]: class=68 score=0.693 box=[211.9, 298.1, 279.9, 336.6]
det[2]: class=72 score=0.705 box=[210.2, 335.7, 278.3, 479.2]
Pre=2.12ms | Infer=205.89ms | Post=184.15ms | Total=392.17ms | FPS=2.55 | Mem=197.0 MB
Frame inference time: 206.95 ms | raw_in_boxes: 8400 | topK: 10 | final_detections: 2
det[0]: class=72 score=0.705 box=[210.3, 335.8, 278.4, 479.2]
det[1]: class=68 score=0.703 box=[381.8, 328.0, 433.6, 357.0]
Pre=2.42ms | Infer=206.95ms | Post=184.33ms | Total=393.71ms | FPS=2.54 | Mem=197.0 MB
FPS: 2.51 | Memory: 197.0 MB
Frame inference time: 217.54 ms | raw_in_boxes: 8400 | topK: 10 | final_detections: 2
det[0]: class=72 score=0.703 box=[210.2, 335.9, 278.1, 479.2]
det[1]: class=68 score=0.699 box=[381.8, 328.0, 433.5, 357.1]
Pre=2.35ms | Infer=217.54ms | Post=192.47ms | Total=412.36ms | FPS=2.43 | Mem=197.0 MB
Frame inference time: 204.73 ms | raw_in_boxes: 8400 | topK: 10 | final_detections: 2
det[0]: class=68 score=0.701 box=[381.8, 328.0, 433.6, 357.0]
det[1]: class=72 score=0.706 box=[210.3, 335.8, 278.3, 479.1]
Pre=2.20ms | Infer=204.73ms | Post=188.56ms | Total=395.50ms | FPS=2.53 | Mem=197.0 MB
Frame inference time: 205.22 ms | raw_in_boxes: 8400 | topK: 10 | final_detections: 2
det[0]: class=68 score=0.699 box=[381.8, 328.1, 433.5, 356.9]
det[1]: class=72 score=0.707 box=[210.3, 336.0, 278.0, 479.2]
Pre=2.22ms | Infer=205.22ms | Post=199.42ms | Total=406.87ms | FPS=2.46 | Mem=197.0 MB
FPS: 2.47 | Memory: 197.0 MB
Frame inference time: 202.81 ms | raw_in_boxes: 8400 | topK: 10 | final_detections: 2
det[0]: class=72 score=0.706 box=[210.3, 336.1, 277.9, 479.1]
det[1]: class=68 score=0.703 box=[381.8, 328.0, 433.7, 357.0]
Pre=2.34ms | Infer=202.81ms | Post=190.48ms | Total=395.62ms | FPS=2.53 | Mem=197.0 MB
Frame inference time: 204.90 ms | raw_in_boxes: 8400 | topK: 10 | final_detections: 2
det[0]: class=68 score=0.697 box=[381.8, 327.9, 433.6, 357.0]
det[1]: class=72 score=0.704 box=[210.3, 335.9, 278.2, 479.2]
Pre=2.14ms | Infer=204.90ms | Post=189.37ms | Total=396.41ms | FPS=2.52 | Mem=197.0 MB
Frame inference time: 210.10 ms | raw_in_boxes: 8400 | topK: 10 | final_detections: 2
det[0]: class=72 score=0.709 box=[210.3, 336.2, 277.8, 479.1]
det[1]: class=68 score=0.702 box=[381.8, 327.9, 433.6, 357.1]
Pre=2.39ms | Infer=210.10ms | Post=197.91ms | Total=410.40ms | FPS=2.44 | Mem=197.0 MB
FPS: 2.49 | Memory: 197.0 MB
Frame inference time: 203.88 ms | raw_in_boxes: 8400 | topK: 10 | final_detections: 2
det[0]: class=72 score=0.708 box=[210.3, 336.0, 277.8, 479.2]
det[1]: class=68 score=0.702 box=[381.8, 328.0, 433.6, 356.9]
Pre=1.80ms | Infer=203.88ms | Post=185.54ms | Total=391.22ms | FPS=2.56 | Mem=197.0 MB
Frame inference time: 203.13 ms | raw_in_boxes: 8400 | topK: 10 | final_detections: 2
det[0]: class=72 score=0.703 box=[210.2, 335.7, 278.4, 479.1]
det[1]: class=68 score=0.704 box=[381.8, 328.1, 433.6, 356.9]
Pre=2.48ms | Infer=203.13ms | Post=203.37ms | Total=408.97ms | FPS=2.45 | Mem=197.0 MB
Frame inference time: 209.04 ms | raw_in_boxes: 8400 | topK: 10 | final_detections: 2
det[0]: class=68 score=0.699 box=[381.8, 327.9, 433.6, 356.9]
det[1]: class=72 score=0.701 box=[210.3, 335.9, 278.0, 479.1]
Pre=1.82ms | Infer=209.04ms | Post=189.07ms | Total=399.92ms | FPS=2.50 | Mem=197.0 MB
FPS: 2.50 | Memory: 197.0 MB
Frame inference time: 203.40 ms | raw_in_boxes: 8400 | topK: 10 | final_detections: 2
det[0]: class=72 score=0.707 box=[210.3, 336.0, 278.1, 479.1]
det[1]: class=68 score=0.703 box=[381.8, 328.0, 433.6, 357.0]
Pre=1.73ms | Infer=203.40ms | Post=184.23ms | Total=389.36ms | FPS=2.57 | Mem=197.0 MB
Frame inference time: 207.88 ms | raw_in_boxes: 8400 | topK: 10 | final_detections: 3
det[0]: class=72 score=0.706 box=[210.3, 336.0, 278.2, 479.2]
det[1]: class=68 score=0.700 box=[381.8, 328.0, 433.5, 357.0]
det[2]: class=68 score=0.693 box=[212.0, 298.0, 280.7, 336.7]
Pre=2.52ms | Infer=207.88ms | Post=192.51ms | Total=402.91ms | FPS=2.48 | Mem=197.1 MB
Frame inference time: 204.55 ms | raw_in_boxes: 8400 | topK: 10 | final_detections: 2
det[0]: class=68 score=0.703 box=[381.9, 328.0, 433.6, 357.0]
det[1]: class=72 score=0.702 box=[210.3, 335.9, 277.8, 479.2]
Pre=2.44ms | Infer=204.55ms | Post=191.26ms | Total=398.25ms | FPS=2.51 | Mem=197.1 MB
FPS: 2.52 | Memory: 197.1 MB
Frame inference time: 205.21 ms | raw_in_boxes: 8400 | topK: 10 | final_detections: 2
det[0]: class=68 score=0.701 box=[381.8, 328.0, 433.4, 357.1]
det[1]: class=72 score=0.706 box=[210.3, 336.0, 278.1, 479.2]
Pre=2.26ms | Infer=205.21ms | Post=200.63ms | Total=408.10ms | FPS=2.45 | Mem=197.1 MB
Frame inference time: 204.96 ms | raw_in_boxes: 8400 | topK: 10 | final_detections: 2
det[0]: class=68 score=0.702 box=[381.9, 327.9, 433.6, 356.9]
det[1]: class=72 score=0.707 box=[210.3, 335.9, 278.2, 479.2]
Pre=1.83ms | Infer=204.96ms | Post=185.76ms | Total=392.55ms | FPS=2.55 | Mem=197.1 MB
Frame inference time: 204.00 ms | raw_in_boxes: 8400 | topK: 10 | final_detections: 2
det[0]: class=72 score=0.701 box=[210.3, 335.9, 278.0, 479.2]
det[1]: class=68 score=0.701 box=[381.7, 328.0, 433.6, 357.0]
Pre=2.40ms | Infer=204.00ms | Post=182.57ms | Total=388.97ms | FPS=2.57 | Mem=197.1 MB
FPS: 2.52 | Memory: 197.1 MB
Frame inference time: 213.22 ms | raw_in_boxes: 8400 | topK: 10 | final_detections: 2
det[0]: class=68 score=0.702 box=[381.8, 328.0, 433.5, 356.9]
det[1]: class=72 score=0.702 box=[210.3, 335.8, 278.4, 479.2]
Pre=2.31ms | Infer=213.22ms | Post=192.33ms | Total=407.86ms | FPS=2.45 | Mem=197.1 MB
Frame inference time: 205.07 ms | raw_in_boxes: 8400 | topK: 10 | final_detections: 2
det[0]: class=68 score=0.702 box=[381.8, 328.0, 433.6, 357.1]
det[1]: class=72 score=0.706 box=[210.3, 335.8, 278.2, 479.1]
Pre=2.38ms | Infer=205.07ms | Post=187.96ms | Total=395.41ms | FPS=2.53 | Mem=197.1 MB
Frame inference time: 206.02 ms | raw_in_boxes: 8400 | topK: 10 | final_detections: 3
det[0]: class=68 score=0.702 box=[381.8, 328.1, 433.6, 356.9]
det[1]: class=68 score=0.693 box=[212.1, 298.1, 280.8, 336.6]
det[2]: class=72 score=0.703 box=[210.3, 335.7, 278.3, 479.2]
Pre=2.19ms | Infer=206.02ms | Post=200.87ms | Total=409.09ms | FPS=2.44 | Mem=197.1 MB
FPS: 2.47 | Memory: 197.1 MB
Frame inference time: 204.82 ms | raw_in_boxes: 8400 | topK: 10 | final_detections: 2
det[0]: class=68 score=0.704 box=[381.8, 328.0, 433.5, 357.0]
det[1]: class=72 score=0.707 box=[210.3, 335.9, 278.4, 479.1]
Pre=1.84ms | Infer=204.82ms | Post=189.57ms | Total=396.23ms | FPS=2.52 | Mem=197.1 MB
Frame inference time: 205.86 ms | raw_in_boxes: 8400 | topK: 10 | final_detections: 2
det[0]: class=72 score=0.702 box=[210.3, 335.5, 278.5, 479.1]
det[1]: class=68 score=0.702 box=[381.9, 328.0, 433.6, 357.0]
Pre=2.33ms | Infer=205.86ms | Post=188.27ms | Total=396.46ms | FPS=2.52 | Mem=197.1 MB
Frame inference time: 210.92 ms | raw_in_boxes: 8400 | topK: 10 | final_detections: 2
det[0]: class=72 score=0.707 box=[210.3, 336.0, 278.1, 479.2]
det[1]: class=68 score=0.700 box=[381.8, 328.0, 433.5, 356.9]
Pre=2.64ms | Infer=210.92ms | Post=192.68ms | Total=406.25ms | FPS=2.46 | Mem=197.1 MB
FPS: 2.50 | Memory: 197.1 MB
Frame inference time: 205.30 ms | raw_in_boxes: 8400 | topK: 10 | final_detections: 3
det[0]: class=68 score=0.699 box=[381.8, 328.0, 433.6, 357.0]
det[1]: class=68 score=0.689 box=[211.9, 298.3, 280.0, 336.4]
det[2]: class=72 score=0.701 box=[210.3, 335.7, 278.4, 479.2]
Pre=1.84ms | Infer=205.30ms | Post=188.03ms | Total=395.17ms | FPS=2.53 | Mem=197.1 MB
Frame inference time: 203.94 ms | raw_in_boxes: 8400 | topK: 10 | final_detections: 2
det[0]: class=68 score=0.702 box=[381.8, 328.0, 433.6, 357.0]
det[1]: class=72 score=0.707 box=[210.4, 336.0, 278.1, 479.2]
Pre=2.11ms | Infer=203.94ms | Post=205.36ms | Total=411.42ms | FPS=2.43 | Mem=197.1 MB
Frame inference time: 205.74 ms | raw_in_boxes: 8400 | topK: 10 | final_detections: 2
det[0]: class=72 score=0.708 box=[210.3, 335.8, 278.3, 479.2]
det[1]: class=68 score=0.701 box=[381.8, 328.0, 433.5, 357.1]
Pre=2.14ms | Infer=205.74ms | Post=184.53ms | Total=392.41ms | FPS=2.55 | Mem=197.1 MB
FPS: 2.50 | Memory: 197.1 MB
Frame inference time: 204.84 ms | raw_in_boxes: 8400 | topK: 10 | final_detections: 2
det[0]: class=72 score=0.705 box=[210.3, 335.7, 278.1, 479.1]
det[1]: class=68 score=0.704 box=[381.8, 328.1, 433.6, 357.0]
Pre=1.87ms | Infer=204.84ms | Post=183.33ms | Total=390.03ms | FPS=2.56 | Mem=197.1 MB
[DBG] camera=1080x1920 | modelInput=640x640 | letterbox scale=0.3333 padX=140.00 padY=0.00 | rot=90 mirrored=false
Frame inference time: 209.17 ms | raw_in_boxes: 8400 | topK: 10 | final_detections: 2
det[0]: class=72 score=0.708 box=[210.3, 336.0, 278.0, 479.2]
det[1]: class=68 score=0.704 box=[381.9, 328.0, 433.6, 357.0]
Pre=2.26ms | Infer=209.17ms | Post=193.98ms | Total=405.41ms | FPS=2.47 | Mem=197.1 MB
Frame inference time: 203.84 ms | raw_in_boxes: 8400 | topK: 10 | final_detections: 2
det[0]: class=68 score=0.701 box=[381.8, 328.0, 433.5, 357.0]
det[1]: class=72 score=0.701 box=[210.3, 335.7, 278.1, 479.1]
Pre=2.43ms | Infer=203.84ms | Post=182.85ms | Total=389.12ms | FPS=2.57 | Mem=197.1 MB
FPS: 2.53 | Memory: 197.1 MB
Frame inference time: 204.73 ms | raw_in_boxes: 8400 | topK: 10 | final_detections: 2
det[0]: class=68 score=0.701 box=[381.8, 328.0, 433.6, 357.0]
det[1]: class=72 score=0.708 box=[210.3, 336.0, 278.2, 479.1]
Pre=2.19ms | Infer=204.73ms | Post=208.77ms | Total=415.69ms | FPS=2.41 | Mem=197.1 MB
Frame inference time: 205.36 ms | raw_in_boxes: 8400 | topK: 10 | final_detections: 3
det[0]: class=68 score=0.701 box=[381.8, 327.9, 433.5, 357.0]
det[1]: class=68 score=0.693 box=[212.0, 298.2, 280.1, 336.4]
det[2]: class=72 score=0.705 box=[210.4, 336.0, 278.1, 479.2]
Pre=1.74ms | Infer=205.36ms | Post=182.85ms | Total=389.95ms | FPS=2.56 | Mem=197.1 MB
Frame inference time: 205.07 ms | raw_in_boxes: 8400 | topK: 10 | final_detections: 2
det[0]: class=72 score=0.705 box=[210.3, 335.9, 277.8, 479.1]
det[1]: class=68 score=0.702 box=[381.8, 328.0, 433.6, 357.1]
Pre=2.64ms | Infer=205.07ms | Post=183.98ms | Total=391.68ms | FPS=2.55 | Mem=197.1 MB
FPS: 2.50 | Memory: 197.1 MB
Frame inference time: 214.02 ms | raw_in_boxes: 8400 | topK: 10 | final_detections: 2
det[0]: class=68 score=0.702 box=[381.8, 328.0, 433.6, 357.0]
det[1]: class=72 score=0.705 box=[210.3, 335.9, 278.2, 479.1]
Pre=2.46ms | Infer=214.02ms | Post=192.34ms | Total=408.82ms | FPS=2.45 | Mem=197.1 MB
Frame inference time: 205.03 ms | raw_in_boxes: 8400 | topK: 10 | final_detections: 2
det[0]: class=72 score=0.702 box=[210.3, 335.7, 278.0, 479.1]
det[1]: class=68 score=0.698 box=[381.8, 327.9, 433.5, 357.0]
Pre=2.50ms | Infer=205.03ms | Post=184.11ms | Total=391.64ms | FPS=2.55 | Mem=197.1 MB
Frame inference time: 203.42 ms | raw_in_boxes: 8400 | topK: 10 | final_detections: 3
det[0]: class=68 score=0.694 box=[381.8, 328.0, 433.2, 357.0]
det[1]: class=68 score=0.688 box=[211.9, 298.3, 279.9, 336.4]
det[2]: class=72 score=0.705 box=[210.3, 336.0, 278.1, 479.1]
Pre=2.35ms | Infer=203.42ms | Post=204.62ms | Total=410.40ms | FPS=2.44 | Mem=197.1 MB
FPS: 2.48 | Memory: 197.1 MB
Frame inference time: 208.35 ms | raw_in_boxes: 8400 | topK: 10 | final_detections: 2
det[0]: class=72 score=0.708 box=[210.3, 336.0, 278.0, 479.1]
det[1]: class=68 score=0.702 box=[381.9, 328.0, 433.6, 357.0]
Pre=2.44ms | Infer=208.35ms | Post=184.10ms | Total=394.89ms | FPS=2.53 | Mem=197.1 MB
Frame inference time: 205.47 ms | raw_in_boxes: 8400 | topK: 10 | final_detections: 2
det[0]: class=68 score=0.700 box=[381.8, 327.9, 433.4, 357.1]
det[1]: class=72 score=0.705 box=[210.4, 335.8, 278.1, 479.2]
Pre=2.45ms | Infer=205.47ms | Post=183.04ms | Total=390.97ms | FPS=2.56 | Mem=197.1 MB
Inference time stats (n=100): mean=206.63 ms | p95=213.22 ms
Frame inference time: 210.83 ms | raw_in_boxes: 8400 | topK: 10 | final_detections: 2
det[0]: class=72 score=0.703 box=[210.3, 335.8, 278.2, 479.2]
det[1]: class=68 score=0.703 box=[381.8, 328.0, 433.7, 356.9]
Pre=2.17ms | Infer=210.83ms | Post=194.26ms | Total=407.26ms | FPS=2.46 | Mem=197.1 MB
FPS: 2.51 | Memory: 197.1 MB
Frame inference time: 208.98 ms | raw_in_boxes: 8400 | topK: 10 | final_detections: 2
det[0]: class=72 score=0.705 box=[210.3, 336.0, 278.2, 479.1]
det[1]: class=68 score=0.700 box=[381.8, 327.9, 433.5, 356.9]
Pre=2.49ms | Infer=208.98ms | Post=183.37ms | Total=394.83ms | FPS=2.53 | Mem=197.1 MB
Frame inference time: 205.26 ms | raw_in_boxes: 8400 | topK: 10 | final_detections: 2
det[0]: class=68 score=0.702 box=[381.8, 328.0, 433.6, 357.0]
det[1]: class=72 score=0.708 box=[210.3, 336.0, 278.0, 479.2]
Pre=2.37ms | Infer=205.26ms | Post=202.81ms | Total=410.45ms | FPS=2.44 | Mem=197.1 MB
Frame inference time: 205.07 ms | raw_in_boxes: 8400 | topK: 10 | final_detections: 2
det[0]: class=68 score=0.699 box=[381.9, 328.0, 433.5, 357.1]
det[1]: class=72 score=0.705 box=[210.4, 335.9, 278.1, 479.1]
Pre=2.08ms | Infer=205.07ms | Post=190.95ms | Total=398.11ms | FPS=2.51 | Mem=197.1 MB
FPS: 2.49 | Memory: 197.1 MB
Frame inference time: 201.10 ms | raw_in_boxes: 8400 | topK: 10 | final_detections: 3
det[0]: class=68 score=0.700 box=[381.8, 328.0, 433.6, 357.1]
det[1]: class=68 score=0.693 box=[212.0, 298.1, 280.0, 336.5]
det[2]: class=72 score=0.705 box=[210.2, 336.0, 278.2, 479.2]
Pre=2.61ms | Infer=201.10ms | Post=184.24ms | Total=387.96ms | FPS=2.58 | Mem=197.1 MB
Frame inference time: 211.06 ms | raw_in_boxes: 8400 | topK: 10 | final_detections: 2
det[0]: class=68 score=0.703 box=[381.8, 328.0, 433.5, 357.0]
det[1]: class=72 score=0.706 box=[210.3, 335.9, 277.9, 479.1]
Pre=2.14ms | Infer=211.06ms | Post=192.33ms | Total=405.53ms | FPS=2.47 | Mem=197.1 MB
Frame inference time: 202.93 ms | raw_in_boxes: 8400 | topK: 10 | final_detections: 2
det[0]: class=68 score=0.700 box=[381.9, 327.9, 433.5, 357.0]
det[1]: class=72 score=0.708 box=[210.3, 335.9, 278.3, 479.2]
Pre=2.27ms | Infer=202.93ms | Post=189.36ms | Total=394.56ms | FPS=2.53 | Mem=197.1 MB
FPS: 2.52 | Memory: 197.1 MB
Frame inference time: 203.16 ms | raw_in_boxes: 8400 | topK: 10 | final_detections: 2
det[0]: class=68 score=0.701 box=[381.8, 328.0, 433.5, 357.0]
det[1]: class=72 score=0.705 box=[210.3, 335.9, 278.0, 479.2]
Pre=2.28ms | Infer=203.16ms | Post=201.16ms | Total=406.60ms | FPS=2.46 | Mem=197.1 MB
Frame inference time: 206.08 ms | raw_in_boxes: 8400 | topK: 10 | final_detections: 2
det[0]: class=72 score=0.704 box=[210.3, 335.9, 278.1, 479.1]
det[1]: class=68 score=0.701 box=[381.8, 328.0, 433.6, 357.0]
Pre=2.74ms | Infer=206.08ms | Post=184.12ms | Total=392.94ms | FPS=2.54 | Mem=197.1 MB
Frame inference time: 206.44 ms | raw_in_boxes: 8400 | topK: 10 | final_detections: 2
det[0]: class=72 score=0.711 box=[210.3, 336.0, 278.2, 479.2]
det[1]: class=68 score=0.700 box=[381.9, 328.0, 433.5, 357.0]
Pre=2.14ms | Infer=206.44ms | Post=182.74ms | Total=391.32ms | FPS=2.56 | Mem=197.1 MB
FPS: 2.52 | Memory: 197.1 MB
Frame inference time: 212.54 ms | raw_in_boxes: 8400 | topK: 10 | final_detections: 2
det[0]: class=68 score=0.703 box=[381.8, 328.1, 433.7, 357.0]
det[1]: class=72 score=0.706 box=[210.2, 335.9, 278.4, 479.1]
Pre=2.15ms | Infer=212.54ms | Post=192.49ms | Total=407.18ms | FPS=2.46 | Mem=197.1 MB
Frame inference time: 205.42 ms | raw_in_boxes: 8400 | topK: 10 | final_detections: 2
det[0]: class=68 score=0.698 box=[381.8, 328.0, 433.6, 357.0]
det[1]: class=72 score=0.708 box=[210.3, 336.0, 278.2, 479.1]
Pre=2.21ms | Infer=205.42ms | Post=184.64ms | Total=392.26ms | FPS=2.55 | Mem=197.1 MB
Frame inference time: 207.16 ms | raw_in_boxes: 8400 | topK: 10 | final_detections: 3
det[0]: class=72 score=0.706 box=[210.3, 335.7, 278.2, 479.1]
det[1]: class=68 score=0.697 box=[381.8, 327.9, 433.4, 357.0]
det[2]: class=68 score=0.694 box=[211.8, 298.2, 280.2, 336.8]
Pre=2.46ms | Infer=207.16ms | Post=205.97ms | Total=415.59ms | FPS=2.41 | Mem=197.1 MB
FPS: 2.47 | Memory: 197.1 MB
Frame inference time: 204.10 ms | raw_in_boxes: 8400 | topK: 10 | final_detections: 2
det[0]: class=68 score=0.700 box=[381.9, 328.0, 433.5, 357.0]
det[1]: class=72 score=0.708 box=[210.4, 335.6, 278.7, 479.2]
Pre=2.49ms | Infer=204.10ms | Post=186.45ms | Total=393.04ms | FPS=2.54 | Mem=197.1 MB
Frame inference time: 205.69 ms | raw_in_boxes: 8400 | topK: 10 | final_detections: 2
det[0]: class=72 score=0.703 box=[210.2, 335.6, 278.4, 479.2]
det[1]: class=68 score=0.702 box=[381.8, 328.0, 433.6, 357.0]
Pre=2.31ms | Infer=205.69ms | Post=183.91ms | Total=391.92ms | FPS=2.55 | Mem=197.1 MB
Frame inference time: 211.73 ms | raw_in_boxes: 8400 | topK: 10 | final_detections: 2
det[0]: class=72 score=0.707 box=[210.3, 336.0, 278.1, 479.2]
det[1]: class=68 score=0.700 box=[381.9, 327.9, 433.6, 357.0]
Pre=2.12ms | Infer=211.73ms | Post=197.64ms | Total=411.49ms | FPS=2.43 | Mem=197.1 MB
FPS: 2.51 | Memory: 197.1 MB
Frame inference time: 207.12 ms | raw_in_boxes: 8400 | topK: 10 | final_detections: 2
det[0]: class=68 score=0.702 box=[381.8, 328.0, 433.6, 356.9]
det[1]: class=72 score=0.705 box=[210.2, 335.8, 278.4, 479.2]
Pre=2.43ms | Infer=207.12ms | Post=184.18ms | Total=393.73ms | FPS=2.54 | Mem=197.1 MB
Frame inference time: 203.20 ms | raw_in_boxes: 8400 | topK: 10 | final_detections: 2
det[0]: class=72 score=0.708 box=[210.3, 335.9, 278.1, 479.1]
det[1]: class=68 score=0.701 box=[381.8, 328.1, 433.6, 356.9]
Pre=2.49ms | Infer=203.20ms | Post=200.25ms | Total=405.94ms | FPS=2.46 | Mem=197.1 MB
Frame inference time: 204.43 ms | raw_in_boxes: 8400 | topK: 10 | final_detections: 3
det[0]: class=72 score=0.703 box=[210.3, 335.8, 278.0, 479.2]
det[1]: class=68 score=0.700 box=[381.9, 328.0, 433.5, 357.0]
det[2]: class=68 score=0.692 box=[212.0, 298.3, 279.6, 336.5]
Pre=2.27ms | Infer=204.43ms | Post=191.20ms | Total=397.90ms | FPS=2.51 | Mem=197.1 MB
FPS: 2.50 | Memory: 197.1 MB
Frame inference time: 204.80 ms | raw_in_boxes: 8400 | topK: 10 | final_detections: 2
det[0]: class=72 score=0.705 box=[210.3, 335.8, 278.4, 479.1]
det[1]: class=68 score=0.701 box=[381.8, 328.0, 433.6, 357.0]
Pre=2.18ms | Infer=204.80ms | Post=190.91ms | Total=397.89ms | FPS=2.51 | Mem=197.1 MB
[DBG] camera=1080x1920 | modelInput=640x640 | letterbox scale=0.3333 padX=140.00 padY=0.00 | rot=90 mirrored=false
Frame inference time: 210.54 ms | raw_in_boxes: 8400 | topK: 10 | final_detections: 2
det[0]: class=72 score=0.707 box=[210.3, 335.9, 278.2, 479.1]
det[1]: class=68 score=0.699 box=[381.9, 328.0, 433.5, 357.0]
Pre=2.18ms | Infer=210.54ms | Post=192.43ms | Total=405.14ms | FPS=2.47 | Mem=197.1 MB
Frame inference time: 204.92 ms | raw_in_boxes: 8400 | topK: 10 | final_detections: 2
det[0]: class=68 score=0.701 box=[381.8, 328.0, 433.6, 357.1]
det[1]: class=72 score=0.707 box=[210.3, 336.1, 278.0, 479.1]
Pre=2.51ms | Infer=204.92ms | Post=183.78ms | Total=391.21ms | FPS=2.56 | Mem=197.1 MB
FPS: 2.51 | Memory: 197.1 MB
Frame inference time: 203.14 ms | raw_in_boxes: 8400 | topK: 10 | final_detections: 2
det[0]: class=68 score=0.701 box=[381.8, 327.9, 433.5, 357.0]
det[1]: class=72 score=0.704 box=[210.3, 335.9, 277.9, 479.2]
Pre=2.33ms | Infer=203.14ms | Post=203.64ms | Total=409.11ms | FPS=2.44 | Mem=197.1 MB
Frame inference time: 206.93 ms | raw_in_boxes: 8400 | topK: 10 | final_detections: 2
det[0]: class=72 score=0.703 box=[210.2, 335.8, 278.5, 479.1]
det[1]: class=68 score=0.699 box=[381.8, 328.0, 433.4, 357.0]
Pre=2.51ms | Infer=206.93ms | Post=186.09ms | Total=395.53ms | FPS=2.53 | Mem=197.1 MB
Frame inference time: 207.26 ms | raw_in_boxes: 8400 | topK: 10 | final_detections: 2
det[0]: class=72 score=0.705 box=[210.3, 335.9, 278.0, 479.1]
det[1]: class=68 score=0.702 box=[381.8, 328.0, 433.6, 357.0]
Pre=2.44ms | Infer=207.26ms | Post=186.25ms | Total=395.95ms | FPS=2.53 | Mem=197.2 MB
FPS: 2.50 | Memory: 197.2 MB
Frame inference time: 209.71 ms | raw_in_boxes: 8400 | topK: 10 | final_detections: 2
det[0]: class=68 score=0.701 box=[381.9, 328.0, 433.6, 357.0]
det[1]: class=72 score=0.706 box=[210.3, 336.0, 278.1, 479.2]
Pre=2.17ms | Infer=209.71ms | Post=192.32ms | Total=404.20ms | FPS=2.47 | Mem=197.2 MB
Frame inference time: 203.68 ms | raw_in_boxes: 8400 | topK: 10 | final_detections: 2
det[0]: class=72 score=0.706 box=[210.3, 335.8, 278.3, 479.1]
det[1]: class=68 score=0.701 box=[381.8, 328.1, 433.6, 357.0]
Pre=2.76ms | Infer=203.68ms | Post=185.62ms | Total=392.05ms | FPS=2.55 | Mem=197.2 MB
Frame inference time: 202.48 ms | raw_in_boxes: 8400 | topK: 10 | final_detections: 2
det[0]: class=72 score=0.703 box=[210.2, 335.7, 278.5, 479.1]
det[1]: class=68 score=0.699 box=[381.9, 328.0, 433.6, 357.0]
Pre=2.35ms | Infer=202.48ms | Post=202.98ms | Total=407.81ms | FPS=2.45 | Mem=197.2 MB
FPS: 2.49 | Memory: 197.2 MB
Frame inference time: 205.59 ms | raw_in_boxes: 8400 | topK: 10 | final_detections: 2
det[0]: class=68 score=0.701 box=[381.8, 328.0, 433.6, 357.0]
det[1]: class=72 score=0.704 box=[210.4, 335.8, 278.1, 479.1]
Pre=2.45ms | Infer=205.59ms | Post=186.11ms | Total=394.16ms | FPS=2.54 | Mem=197.2 MB
Frame inference time: 206.92 ms | raw_in_boxes: 8400 | topK: 10 | final_detections: 2
det[0]: class=72 score=0.708 box=[210.3, 336.0, 277.9, 479.2]
det[1]: class=68 score=0.701 box=[381.8, 328.0, 433.5, 357.0]
Pre=2.19ms | Infer=206.92ms | Post=184.53ms | Total=393.64ms | FPS=2.54 | Mem=197.2 MB
Frame inference time: 212.94 ms | raw_in_boxes: 8400 | topK: 10 | final_detections: 2
det[0]: class=72 score=0.706 box=[210.3, 336.0, 278.4, 479.1]
det[1]: class=68 score=0.703 box=[381.8, 328.0, 433.6, 357.0]
Pre=2.04ms | Infer=212.94ms | Post=192.64ms | Total=407.62ms | FPS=2.45 | Mem=197.2 MB
FPS: 2.51 | Memory: 197.2 MB
Frame inference time: 203.23 ms | raw_in_boxes: 8400 | topK: 10 | final_detections: 2
det[0]: class=72 score=0.707 box=[210.3, 336.1, 278.0, 479.1]
det[1]: class=68 score=0.699 box=[381.8, 328.0, 433.5, 357.1]
Pre=2.25ms | Infer=203.23ms | Post=185.64ms | Total=391.12ms | FPS=2.56 | Mem=197.2 MB
Frame inference time: 205.56 ms | raw_in_boxes: 8400 | topK: 10 | final_detections: 2
det[0]: class=72 score=0.702 box=[210.3, 335.7, 278.4, 479.1]
det[1]: class=68 score=0.699 box=[381.8, 328.0, 433.5, 357.0]
Pre=2.18ms | Infer=205.56ms | Post=202.45ms | Total=410.19ms | FPS=2.44 | Mem=197.2 MB
Frame inference time: 205.19 ms | raw_in_boxes: 8400 | topK: 10 | final_detections: 2
det[0]: class=72 score=0.708 box=[210.3, 335.7, 278.7, 479.2]
det[1]: class=68 score=0.699 box=[381.8, 327.9, 433.6, 357.0]
Pre=2.19ms | Infer=205.19ms | Post=185.71ms | Total=393.10ms | FPS=2.54 | Mem=197.2 MB
FPS: 2.51 | Memory: 197.2 MB
Frame inference time: 204.54 ms | raw_in_boxes: 8400 | topK: 10 | final_detections: 2
det[0]: class=72 score=0.705 box=[210.3, 336.0, 278.3, 479.2]
det[1]: class=68 score=0.699 box=[381.9, 328.0, 433.5, 357.0]
Pre=2.36ms | Infer=204.54ms | Post=186.49ms | Total=393.39ms | FPS=2.54 | Mem=197.2 MB
Frame inference time: 215.62 ms | raw_in_boxes: 8400 | topK: 10 | final_detections: 2
det[0]: class=72 score=0.709 box=[210.3, 336.0, 278.4, 479.1]
det[1]: class=68 score=0.700 box=[381.8, 328.0, 433.5, 356.9]
Pre=2.32ms | Infer=215.62ms | Post=199.30ms | Total=417.24ms | FPS=2.40 | Mem=197.2 MB
Frame inference time: 202.28 ms | raw_in_boxes: 8400 | topK: 10 | final_detections: 2
det[0]: class=68 score=0.701 box=[381.8, 328.0, 433.6, 357.0]
det[1]: class=72 score=0.705 box=[210.3, 335.9, 278.3, 479.2]
Pre=1.85ms | Infer=202.28ms | Post=191.64ms | Total=395.76ms | FPS=2.53 | Mem=197.2 MB
FPS: 2.48 | Memory: 197.2 MB
Frame inference time: 201.57 ms | raw_in_boxes: 8400 | topK: 10 | final_detections: 3
det[0]: class=68 score=0.696 box=[381.8, 328.0, 433.4, 357.0]
det[1]: class=68 score=0.693 box=[211.9, 298.3, 279.8, 336.5]
det[2]: class=72 score=0.709 box=[210.4, 336.0, 277.9, 479.1]
Pre=2.84ms | Infer=201.57ms | Post=200.03ms | Total=404.44ms | FPS=2.47 | Mem=197.2 MB
Frame inference time: 205.54 ms | raw_in_boxes: 8400 | topK: 10 | final_detections: 3
det[0]: class=72 score=0.702 box=[210.2, 335.6, 278.1, 479.1]
det[1]: class=68 score=0.701 box=[381.8, 327.9, 433.5, 357.1]
det[2]: class=68 score=0.693 box=[212.1, 298.2, 279.9, 336.7]
Pre=1.74ms | Infer=205.54ms | Post=184.24ms | Total=391.52ms | FPS=2.55 | Mem=197.2 MB
Frame inference time: 204.45 ms | raw_in_boxes: 8400 | topK: 10 | final_detections: 2
det[0]: class=72 score=0.707 box=[210.4, 335.8, 278.2, 479.1]
det[1]: class=68 score=0.703 box=[381.8, 328.0, 433.6, 356.9]
Pre=2.39ms | Infer=204.45ms | Post=183.40ms | Total=390.23ms | FPS=2.56 | Mem=197.2 MB
FPS: 2.53 | Memory: 197.2 MB
Frame inference time: 213.28 ms | raw_in_boxes: 8400 | topK: 10 | final_detections: 2
det[0]: class=68 score=0.704 box=[381.8, 328.0, 433.7, 357.1]
det[1]: class=72 score=0.705 box=[210.4, 336.0, 278.1, 479.1]
Pre=2.29ms | Infer=213.28ms | Post=197.85ms | Total=413.41ms | FPS=2.42 | Mem=197.2 MB
Frame inference time: 202.93 ms | raw_in_boxes: 8400 | topK: 10 | final_detections: 2
det[0]: class=68 score=0.702 box=[381.9, 328.0, 433.5, 357.0]
det[1]: class=72 score=0.705 box=[210.3, 335.9, 278.1, 479.2]
Pre=2.40ms | Infer=202.93ms | Post=185.29ms | Total=390.63ms | FPS=2.56 | Mem=197.2 MB
Frame inference time: 205.36 ms | raw_in_boxes: 8400 | topK: 10 | final_detections: 2
det[0]: class=68 score=0.702 box=[381.9, 328.0, 433.6, 356.9]
det[1]: class=72 score=0.706 box=[210.3, 335.8, 278.5, 479.2]
Pre=2.27ms | Infer=205.36ms | Post=203.18ms | Total=410.81ms | FPS=2.43 | Mem=197.2 MB
FPS: 2.47 | Memory: 197.2 MB
Frame inference time: 207.07 ms | raw_in_boxes: 8400 | topK: 10 | final_detections: 2
det[0]: class=68 score=0.702 box=[381.8, 328.0, 433.5, 357.0]
det[1]: class=72 score=0.708 box=[210.2, 335.8, 278.7, 479.1]
Pre=1.80ms | Infer=207.07ms | Post=192.53ms | Total=401.40ms | FPS=2.49 | Mem=197.2 MB
Frame inference time: 204.38 ms | raw_in_boxes: 8400 | topK: 10 | final_detections: 2
det[0]: class=72 score=0.702 box=[210.2, 336.0, 277.9, 479.2]
det[1]: class=68 score=0.702 box=[381.8, 328.0, 433.6, 357.0]
Pre=1.90ms | Infer=204.38ms | Post=183.34ms | Total=389.62ms | FPS=2.57 | Mem=197.2 MB
Frame inference time: 215.02 ms | raw_in_boxes: 8400 | topK: 10 | final_detections: 2
det[0]: class=72 score=0.706 box=[210.3, 335.9, 278.2, 479.2]
det[1]: class=68 score=0.698 box=[381.9, 327.9, 433.5, 357.0]
Pre=2.14ms | Infer=215.02ms | Post=192.58ms | Total=409.74ms | FPS=2.44 | Mem=197.2 MB
FPS: 2.50 | Memory: 197.2 MB
Frame inference time: 203.19 ms | raw_in_boxes: 8400 | topK: 10 | final_detections: 2
det[0]: class=68 score=0.701 box=[381.9, 328.1, 433.5, 356.9]
det[1]: class=72 score=0.706 box=[210.4, 336.0, 278.2, 479.2]
Pre=1.86ms | Infer=203.19ms | Post=184.69ms | Total=389.73ms | FPS=2.57 | Mem=197.2 MB
Frame inference time: 207.05 ms | raw_in_boxes: 8400 | topK: 10 | final_detections: 2
det[0]: class=72 score=0.708 box=[210.3, 336.0, 277.9, 479.2]
det[1]: class=68 score=0.702 box=[381.8, 328.0, 433.6, 356.9]
Pre=2.22ms | Infer=207.05ms | Post=199.50ms | Total=408.77ms | FPS=2.45 | Mem=197.2 MB
Frame inference time: 206.72 ms | raw_in_boxes: 8400 | topK: 10 | final_detections: 2
det[0]: class=72 score=0.707 box=[210.4, 335.8, 278.2, 479.1]
det[1]: class=68 score=0.701 box=[381.8, 328.0, 433.5, 356.9]
Pre=1.77ms | Infer=206.72ms | Post=184.86ms | Total=393.35ms | FPS=2.54 | Mem=197.2 MB
FPS: 2.51 | Memory: 197.2 MB
Frame inference time: 204.08 ms | raw_in_boxes: 8400 | topK: 10 | final_detections: 2
det[0]: class=68 score=0.697 box=[381.8, 327.9, 433.4, 357.1]
det[1]: class=72 score=0.706 box=[210.3, 336.0, 278.0, 479.1]
Pre=2.65ms | Infer=204.08ms | Post=185.70ms | Total=392.42ms | FPS=2.55 | Mem=197.2 MB
[DBG] camera=1080x1920 | modelInput=640x640 | letterbox scale=0.3333 padX=140.00 padY=0.00 | rot=90 mirrored=false
Frame inference time: 211.73 ms | raw_in_boxes: 8400 | topK: 10 | final_detections: 2
det[0]: class=72 score=0.707 box=[210.3, 335.9, 278.3, 479.2]
det[1]: class=68 score=0.702 box=[381.8, 328.0, 433.7, 356.9]
Pre=2.26ms | Infer=211.73ms | Post=194.69ms | Total=408.68ms | FPS=2.45 | Mem=197.2 MB
Frame inference time: 208.54 ms | raw_in_boxes: 8400 | topK: 10 | final_detections: 3
det[0]: class=72 score=0.703 box=[210.4, 335.8, 278.3, 479.1]
det[1]: class=68 score=0.698 box=[381.8, 328.0, 433.6, 357.0]
det[2]: class=68 score=0.693 box=[212.0, 298.3, 279.6, 336.6]
Pre=2.37ms | Infer=208.54ms | Post=185.76ms | Total=396.67ms | FPS=2.52 | Mem=197.2 MB
FPS: 2.50 | Memory: 197.2 MB
Frame inference time: 203.98 ms | raw_in_boxes: 8400 | topK: 10 | final_detections: 2
det[0]: class=72 score=0.705 box=[210.3, 336.0, 277.9, 479.1]
det[1]: class=68 score=0.704 box=[381.8, 328.0, 433.5, 357.0]
Pre=2.31ms | Infer=203.98ms | Post=199.29ms | Total=405.58ms | FPS=2.47 | Mem=197.2 MB
Frame inference time: 206.22 ms | raw_in_boxes: 8400 | topK: 10 | final_detections: 2
det[0]: class=72 score=0.705 box=[210.3, 335.7, 278.6, 479.1]
det[1]: class=68 score=0.700 box=[381.8, 327.9, 433.5, 356.9]
Pre=1.76ms | Infer=206.22ms | Post=183.17ms | Total=391.14ms | FPS=2.56 | Mem=197.2 MB
Frame inference time: 205.89 ms | raw_in_boxes: 8400 | topK: 10 | final_detections: 2
det[0]: class=72 score=0.709 box=[210.3, 335.9, 278.3, 479.1]
det[1]: class=68 score=0.702 box=[381.9, 328.0, 433.6, 357.0]
Pre=2.26ms | Infer=205.89ms | Post=184.21ms | Total=392.36ms | FPS=2.55 | Mem=197.2 MB
FPS: 2.52 | Memory: 197.2 MB
Frame inference time: 213.92 ms | raw_in_boxes: 8400 | topK: 10 | final_detections: 2
det[0]: class=68 score=0.701 box=[381.9, 328.0, 433.5, 356.9]
det[1]: class=72 score=0.705 box=[210.3, 335.7, 278.3, 479.1]
Pre=2.21ms | Infer=213.92ms | Post=190.35ms | Total=406.47ms | FPS=2.46 | Mem=197.2 MB
Frame inference time: 203.89 ms | raw_in_boxes: 8400 | topK: 10 | final_detections: 2
det[0]: class=72 score=0.704 box=[210.3, 335.9, 278.4, 479.1]
det[1]: class=68 score=0.700 box=[381.8, 328.0, 433.6, 356.9]
Pre=2.35ms | Infer=203.89ms | Post=184.52ms | Total=390.76ms | FPS=2.56 | Mem=197.2 MB
Frame inference time: 205.16 ms | raw_in_boxes: 8400 | topK: 10 | final_detections: 2
det[0]: class=68 score=0.702 box=[381.9, 328.0, 433.6, 356.9]
det[1]: class=72 score=0.706 box=[210.3, 335.8, 278.5, 479.2]
Pre=2.21ms | Infer=205.16ms | Post=201.85ms | Total=409.23ms | FPS=2.44 | Mem=197.2 MB
FPS: 2.48 | Memory: 197.2 MB
Frame inference time: 206.88 ms | raw_in_boxes: 8400 | topK: 10 | final_detections: 2
det[0]: class=72 score=0.706 box=[210.4, 335.9, 278.4, 479.1]
det[1]: class=68 score=0.701 box=[381.9, 328.0, 433.6, 357.1]
Pre=2.20ms | Infer=206.88ms | Post=189.72ms | Total=398.79ms | FPS=2.51 | Mem=197.2 MB
Frame inference time: 204.96 ms | raw_in_boxes: 8400 | topK: 10 | final_detections: 2
det[0]: class=68 score=0.703 box=[381.8, 328.0, 433.7, 357.1]
det[1]: class=72 score=0.705 box=[210.3, 335.8, 278.2, 479.2]
Pre=2.32ms | Infer=204.96ms | Post=185.16ms | Total=392.44ms | FPS=2.55 | Mem=197.2 MB
Frame inference time: 208.60 ms | raw_in_boxes: 8400 | topK: 10 | final_detections: 2
det[0]: class=72 score=0.707 box=[210.4, 335.9, 278.4, 479.1]
det[1]: class=68 score=0.702 box=[381.9, 328.0, 433.6, 357.1]
Pre=2.17ms | Infer=208.60ms | Post=198.31ms | Total=409.09ms | FPS=2.44 | Mem=197.2 MB
FPS: 2.50 | Memory: 197.2 MB
Frame inference time: 205.55 ms | raw_in_boxes: 8400 | topK: 10 | final_detections: 2
det[0]: class=68 score=0.702 box=[381.8, 328.1, 433.5, 357.1]
det[1]: class=72 score=0.706 box=[210.3, 335.7, 278.4, 479.1]
Pre=2.41ms | Infer=205.55ms | Post=184.02ms | Total=391.98ms | FPS=2.55 | Mem=197.2 MB
Frame inference time: 203.32 ms | raw_in_boxes: 8400 | topK: 10 | final_detections: 3
det[0]: class=72 score=0.705 box=[210.2, 335.8, 278.4, 479.1]
det[1]: class=68 score=0.700 box=[381.8, 328.0, 433.7, 357.0]
det[2]: class=68 score=0.695 box=[212.0, 298.1, 280.2, 336.6]
Pre=2.20ms | Infer=203.32ms | Post=203.39ms | Total=408.91ms | FPS=2.45 | Mem=197.2 MB
Frame inference time: 205.45 ms | raw_in_boxes: 8400 | topK: 10 | final_detections: 2
det[0]: class=72 score=0.705 box=[210.3, 336.0, 278.0, 479.2]
det[1]: class=68 score=0.699 box=[381.9, 328.0, 433.5, 356.9]
Pre=2.42ms | Infer=205.45ms | Post=182.92ms | Total=390.78ms | FPS=2.56 | Mem=197.2 MB
FPS: 2.52 | Memory: 197.2 MB
Frame inference time: 205.21 ms | raw_in_boxes: 8400 | topK: 10 | final_detections: 2
det[0]: class=72 score=0.705 box=[210.3, 335.9, 278.3, 479.1]
det[1]: class=68 score=0.704 box=[381.9, 328.0, 433.6, 357.1]
Pre=2.27ms | Infer=205.21ms | Post=185.82ms | Total=393.29ms | FPS=2.54 | Mem=197.2 MB
Frame inference time: 215.50 ms | raw_in_boxes: 8400 | topK: 10 | final_detections: 2
det[0]: class=68 score=0.700 box=[381.9, 328.0, 433.5, 356.9]
det[1]: class=72 score=0.705 box=[210.3, 335.7, 278.5, 479.2]
Pre=2.22ms | Infer=215.50ms | Post=196.44ms | Total=414.15ms | FPS=2.41 | Mem=197.2 MB
Frame inference time: 203.41 ms | raw_in_boxes: 8400 | topK: 10 | final_detections: 2
det[0]: class=72 score=0.705 box=[210.3, 336.0, 278.2, 479.1]
det[1]: class=68 score=0.702 box=[381.8, 328.0, 433.6, 357.1]
Pre=2.68ms | Infer=203.41ms | Post=183.79ms | Total=389.87ms | FPS=2.56 | Mem=197.2 MB
FPS: 2.50 | Memory: 197.2 MB
Frame inference time: 205.41 ms | raw_in_boxes: 8400 | topK: 10 | final_detections: 2
det[0]: class=68 score=0.702 box=[381.8, 328.0, 433.6, 357.0]
det[1]: class=72 score=0.708 box=[210.3, 335.9, 278.5, 479.1]
Pre=2.18ms | Infer=205.41ms | Post=204.80ms | Total=412.39ms | FPS=2.42 | Mem=197.2 MB
Frame inference time: 207.75 ms | raw_in_boxes: 8400 | topK: 10 | final_detections: 2
det[0]: class=72 score=0.705 box=[210.3, 335.7, 278.2, 479.1]
det[1]: class=68 score=0.702 box=[381.8, 328.0, 433.7, 357.0]
Pre=1.92ms | Infer=207.75ms | Post=192.55ms | Total=402.23ms | FPS=2.49 | Mem=197.2 MB
Frame inference time: 203.87 ms | raw_in_boxes: 8400 | topK: 10 | final_detections: 2
det[0]: class=72 score=0.707 box=[210.4, 336.0, 278.2, 479.2]
det[1]: class=68 score=0.701 box=[381.8, 328.0, 433.5, 357.1]
Pre=1.89ms | Infer=203.87ms | Post=183.29ms | Total=389.05ms | FPS=2.57 | Mem=197.2 MB
FPS: 2.49 | Memory: 197.2 MB
Frame inference time: 211.57 ms | raw_in_boxes: 8400 | topK: 10 | final_detections: 2
det[0]: class=72 score=0.709 box=[210.3, 335.8, 278.4, 479.0]
det[1]: class=68 score=0.701 box=[381.9, 328.0, 433.7, 356.9]
Pre=2.12ms | Infer=211.57ms | Post=198.15ms | Total=411.84ms | FPS=2.43 | Mem=197.2 MB
Frame inference time: 201.95 ms | raw_in_boxes: 8400 | topK: 10 | final_detections: 2
det[0]: class=72 score=0.703 box=[210.3, 336.0, 277.9, 479.1]
det[1]: class=68 score=0.700 box=[381.8, 328.1, 433.5, 356.9]
Pre=1.78ms | Infer=201.95ms | Post=186.16ms | Total=389.90ms | FPS=2.56 | Mem=197.2 MB
Frame inference time: 203.52 ms | raw_in_boxes: 8400 | topK: 10 | final_detections: 2
det[0]: class=68 score=0.701 box=[381.9, 328.0, 433.5, 356.9]
det[1]: class=72 score=0.708 box=[210.3, 336.0, 278.2, 479.1]
Pre=2.18ms | Infer=203.52ms | Post=205.95ms | Total=411.66ms | FPS=2.43 | Mem=197.2 MB
FPS: 2.47 | Memory: 197.2 MB
Frame inference time: 206.82 ms | raw_in_boxes: 8400 | topK: 10 | final_detections: 2
det[0]: class=68 score=0.702 box=[381.8, 328.0, 433.6, 356.9]
det[1]: class=72 score=0.705 box=[210.3, 336.0, 278.1, 479.1]
Pre=1.97ms | Infer=206.82ms | Post=185.73ms | Total=394.53ms | FPS=2.53 | Mem=197.2 MB
Frame inference time: 205.28 ms | raw_in_boxes: 8400 | topK: 10 | final_detections: 2
det[0]: class=68 score=0.701 box=[381.9, 328.0, 433.7, 357.0]
det[1]: class=72 score=0.699 box=[210.2, 335.8, 278.4, 479.1]
Pre=1.72ms | Infer=205.28ms | Post=183.83ms | Total=390.83ms | FPS=2.56 | Mem=197.2 MB
Frame inference time: 208.73 ms | raw_in_boxes: 8400 | topK: 10 | final_detections: 2
det[0]: class=72 score=0.707 box=[210.3, 335.8, 278.2, 479.1]
det[1]: class=68 score=0.700 box=[381.8, 327.9, 433.6, 357.0]
Pre=2.28ms | Infer=208.73ms | Post=192.41ms | Total=403.41ms | FPS=2.48 | Mem=197.2 MB
FPS: 2.52 | Memory: 197.2 MB
Frame inference time: 205.16 ms | raw_in_boxes: 8400 | topK: 10 | final_detections: 2
det[0]: class=72 score=0.708 box=[210.3, 336.0, 277.9, 479.1]
det[1]: class=68 score=0.700 box=[381.9, 328.0, 433.6, 357.0]
Pre=2.73ms | Infer=205.16ms | Post=188.33ms | Total=396.22ms | FPS=2.52 | Mem=197.2 MB
Frame inference time: 206.12 ms | raw_in_boxes: 8400 | topK: 10 | final_detections: 2
det[0]: class=72 score=0.707 box=[210.3, 336.0, 278.0, 479.1]
det[1]: class=68 score=0.699 box=[381.8, 328.0, 433.5, 357.1]
Pre=2.26ms | Infer=206.12ms | Post=199.56ms | Total=407.94ms | FPS=2.45 | Mem=197.2 MB
Frame inference time: 205.39 ms | raw_in_boxes: 8400 | topK: 10 | final_detections: 2
det[0]: class=68 score=0.701 box=[381.9, 328.0, 433.6, 357.0]
det[1]: class=72 score=0.706 box=[210.3, 336.0, 277.9, 479.2]
Pre=1.68ms | Infer=205.39ms | Post=182.96ms | Total=390.03ms | FPS=2.56 | Mem=197.2 MB
FPS: 2.51 | Memory: 197.2 MB
Frame inference time: 205.88 ms | raw_in_boxes: 8400 | topK: 10 | final_detections: 2
det[0]: class=68 score=0.701 box=[381.9, 328.1, 433.6, 357.0]
det[1]: class=72 score=0.706 box=[210.3, 335.8, 278.3, 479.2]
Pre=2.11ms | Infer=205.88ms | Post=185.74ms | Total=393.73ms | FPS=2.54 | Mem=197.2 MB
[DBG] camera=1080x1920 | modelInput=640x640 | letterbox scale=0.3333 padX=140.00 padY=0.00 | rot=90 mirrored=false
Frame inference time: 220.03 ms | raw_in_boxes: 8400 | topK: 10 | final_detections: 3
det[0]: class=72 score=0.706 box=[210.3, 335.8, 278.1, 479.2]
det[1]: class=68 score=0.700 box=[381.9, 328.0, 433.5, 357.0]
det[2]: class=68 score=0.696 box=[211.9, 298.0, 280.3, 336.7]
Pre=2.30ms | Infer=220.03ms | Post=192.03ms | Total=414.36ms | FPS=2.41 | Mem=197.2 MB
Frame inference time: 207.78 ms | raw_in_boxes: 8400 | topK: 10 | final_detections: 2
det[0]: class=68 score=0.702 box=[381.9, 328.0, 433.6, 357.0]
det[1]: class=72 score=0.705 box=[210.3, 335.8, 278.2, 479.1]
Pre=1.86ms | Infer=207.78ms | Post=199.20ms | Total=408.84ms | FPS=2.45 | Mem=197.2 MB
FPS: 2.46 | Memory: 197.2 MB
Frame inference time: 218.87 ms | raw_in_boxes: 8400 | topK: 10 | final_detections: 2
det[0]: class=72 score=0.707 box=[210.3, 336.0, 278.2, 479.1]
det[1]: class=68 score=0.702 box=[381.9, 328.0, 433.4, 357.0]
Pre=2.18ms | Infer=218.87ms | Post=217.03ms | Total=438.08ms | FPS=2.28 | Mem=197.2 MB
Frame inference time: 250.19 ms | raw_in_boxes: 8400 | topK: 10 | final_detections: 2
det[0]: class=72 score=0.706 box=[210.3, 335.9, 277.9, 479.2]
det[1]: class=68 score=0.700 box=[381.8, 328.0, 433.6, 357.0]
Pre=2.80ms | Infer=250.19ms | Post=229.26ms | Total=482.25ms | FPS=2.07 | Mem=197.2 MB
Frame inference time: 225.77 ms | raw_in_boxes: 8400 | topK: 10 | final_detections: 3
det[0]: class=68 score=0.701 box=[381.9, 328.0, 433.6, 356.9]
det[1]: class=68 score=0.694 box=[211.9, 298.1, 279.9, 336.7]
det[2]: class=72 score=0.705 box=[210.3, 335.8, 278.1, 479.2]
Pre=1.87ms | Infer=225.77ms | Post=212.44ms | Total=440.09ms | FPS=2.27 | Mem=197.2 MB
FPS: 2.20 | Memory: 197.2 MB
Frame inference time: 220.64 ms | raw_in_boxes: 8400 | topK: 10 | final_detections: 2
det[0]: class=68 score=0.700 box=[381.9, 328.0, 433.5, 357.0]
det[1]: class=72 score=0.705 box=[210.3, 335.8, 278.2, 479.1]
Pre=2.30ms | Infer=220.64ms | Post=236.80ms | Total=459.73ms | FPS=2.18 | Mem=197.2 MB
Frame inference time: 210.97 ms | raw_in_boxes: 8400 | topK: 10 | final_detections: 2
det[0]: class=72 score=0.705 box=[210.3, 335.8, 278.6, 479.1]
det[1]: class=68 score=0.700 box=[381.8, 327.9, 433.5, 357.1]
Pre=2.40ms | Infer=210.97ms | Post=268.23ms | Total=481.60ms | FPS=2.08 | Mem=197.2 MB
Frame inference time: 209.23 ms | raw_in_boxes: 8400 | topK: 10 | final_detections: 2
det[0]: class=72 score=0.704 box=[210.2, 335.6, 278.4, 479.2]
det[1]: class=68 score=0.698 box=[381.8, 328.0, 433.4, 357.0]
Pre=2.34ms | Infer=209.23ms | Post=185.25ms | Total=396.82ms | FPS=2.52 | Mem=197.2 MB
FPS: 2.24 | Memory: 197.2 MB
Frame inference time: 204.99 ms | raw_in_boxes: 8400 | topK: 10 | final_detections: 2
det[0]: class=72 score=0.705 box=[210.2, 335.6, 278.3, 479.3]
det[1]: class=68 score=0.699 box=[381.8, 328.0, 433.6, 356.9]
Pre=2.22ms | Infer=204.99ms | Post=182.32ms | Total=389.53ms | FPS=2.57 | Mem=197.2 MB
Frame inference time: 210.62 ms | raw_in_boxes: 8400 | topK: 10 | final_detections: 2
det[0]: class=68 score=0.701 box=[381.8, 328.0, 433.5, 357.1]
det[1]: class=72 score=0.708 box=[210.3, 336.0, 277.8, 479.1]
Pre=2.24ms | Infer=210.62ms | Post=193.20ms | Total=406.05ms | FPS=2.46 | Mem=197.2 MB
Frame inference time: 203.40 ms | raw_in_boxes: 8400 | topK: 10 | final_detections: 2
det[0]: class=68 score=0.702 box=[381.8, 328.0, 433.5, 357.0]
det[1]: class=72 score=0.709 box=[210.3, 336.0, 278.3, 479.1]
Pre=2.29ms | Infer=203.40ms | Post=192.57ms | Total=398.26ms | FPS=2.51 | Mem=197.2 MB
FPS: 2.51 | Memory: 197.2 MB
Frame inference time: 206.68 ms | raw_in_boxes: 8400 | topK: 10 | final_detections: 2
det[0]: class=72 score=0.708 box=[210.3, 335.7, 278.6, 479.1]
det[1]: class=68 score=0.701 box=[381.8, 328.1, 433.4, 356.9]
Pre=2.31ms | Infer=206.68ms | Post=193.94ms | Total=402.93ms | FPS=2.48 | Mem=197.2 MB
Frame inference time: 212.34 ms | raw_in_boxes: 8400 | topK: 10 | final_detections: 2
det[0]: class=72 score=0.704 box=[210.3, 335.7, 278.4, 479.1]
det[1]: class=68 score=0.701 box=[381.8, 328.0, 433.5, 356.9]
Pre=2.23ms | Infer=212.34ms | Post=184.04ms | Total=398.61ms | FPS=2.51 | Mem=197.2 MB
Frame inference time: 210.06 ms | raw_in_boxes: 8400 | topK: 10 | final_detections: 2
det[0]: class=72 score=0.705 box=[210.3, 335.8, 278.3, 479.1]
det[1]: class=68 score=0.703 box=[381.8, 328.0, 433.6, 357.0]
Pre=2.21ms | Infer=210.06ms | Post=183.32ms | Total=395.59ms | FPS=2.53 | Mem=197.2 MB
FPS: 2.50 | Memory: 197.2 MB
Frame inference time: 211.24 ms | raw_in_boxes: 8400 | topK: 10 | final_detections: 2
det[0]: class=72 score=0.704 box=[210.3, 335.8, 278.2, 479.2]
det[1]: class=68 score=0.698 box=[381.8, 328.0, 433.6, 357.0]
Pre=2.24ms | Infer=211.24ms | Post=198.01ms | Total=411.49ms | FPS=2.43 | Mem=197.2 MB
Frame inference time: 209.32 ms | raw_in_boxes: 8400 | topK: 10 | final_detections: 2
det[0]: class=72 score=0.706 box=[210.4, 335.8, 278.3, 479.2]
det[1]: class=68 score=0.700 box=[381.8, 328.0, 433.4, 356.9]
Pre=2.35ms | Infer=209.32ms | Post=183.08ms | Total=394.75ms | FPS=2.53 | Mem=197.2 MB
Frame inference time: 207.59 ms | raw_in_boxes: 8400 | topK: 10 | final_detections: 2
det[0]: class=72 score=0.703 box=[210.3, 335.7, 278.1, 479.1]
det[1]: class=68 score=0.698 box=[381.8, 328.0, 433.6, 357.0]
Pre=2.14ms | Infer=207.59ms | Post=200.01ms | Total=409.74ms | FPS=2.44 | Mem=197.2 MB
FPS: 2.46 | Memory: 197.2 MB
Frame inference time: 210.45 ms | raw_in_boxes: 8400 | topK: 10 | final_detections: 2
det[0]: class=72 score=0.706 box=[210.3, 335.7, 278.5, 479.1]
det[1]: class=68 score=0.700 box=[381.8, 328.0, 433.5, 356.9]
Pre=2.39ms | Infer=210.45ms | Post=186.04ms | Total=398.89ms | FPS=2.51 | Mem=197.2 MB
Frame inference time: 209.04 ms | raw_in_boxes: 8400 | topK: 10 | final_detections: 2
det[0]: class=68 score=0.701 box=[381.8, 328.0, 433.6, 357.0]
det[1]: class=72 score=0.706 box=[210.3, 335.7, 278.3, 479.1]
Pre=2.24ms | Infer=209.04ms | Post=184.42ms | Total=395.70ms | FPS=2.53 | Mem=197.2 MB
Frame inference time: 211.64 ms | raw_in_boxes: 8400 | topK: 10 | final_detections: 3
det[0]: class=72 score=0.706 box=[210.3, 336.1, 278.1, 479.2]
det[1]: class=68 score=0.699 box=[381.8, 327.9, 433.6, 357.0]
det[2]: class=68 score=0.691 box=[212.0, 298.3, 279.5, 336.5]
Pre=2.39ms | Infer=211.64ms | Post=197.79ms | Total=411.82ms | FPS=2.43 | Mem=197.2 MB
FPS: 2.48 | Memory: 197.2 MB
Inference time stats (n=100): mean=207.85 ms | p95=215.62 ms
Frame inference time: 211.48 ms | raw_in_boxes: 8400 | topK: 10 | final_detections: 3
det[0]: class=68 score=0.702 box=[381.8, 328.0, 433.5, 357.1]
det[1]: class=68 score=0.693 box=[212.0, 298.2, 280.0, 336.5]
det[2]: class=72 score=0.707 box=[210.3, 335.9, 278.0, 479.1]
Pre=3.15ms | Infer=211.48ms | Post=183.38ms | Total=398.01ms | FPS=2.51 | Mem=197.2 MB
Frame inference time: 206.45 ms | raw_in_boxes: 8400 | topK: 10 | final_detections: 2
det[0]: class=68 score=0.701 box=[381.9, 328.0, 433.5, 357.0]
det[1]: class=72 score=0.706 box=[210.3, 335.9, 278.1, 479.1]
Pre=2.56ms | Infer=206.45ms | Post=206.15ms | Total=415.17ms | FPS=2.41 | Mem=197.2 MB
Frame inference time: 210.90 ms | raw_in_boxes: 8400 | topK: 10 | final_detections: 3
det[0]: class=72 score=0.705 box=[210.3, 335.7, 278.0, 479.2]
det[1]: class=68 score=0.698 box=[381.8, 328.0, 433.5, 357.1]
det[2]: class=68 score=0.692 box=[212.0, 298.2, 280.0, 336.5]
Pre=2.12ms | Infer=210.90ms | Post=182.59ms | Total=395.60ms | FPS=2.53 | Mem=197.2 MB
FPS: 2.48 | Memory: 197.2 MB
Frame inference time: 209.37 ms | raw_in_boxes: 8400 | topK: 10 | final_detections: 2
det[0]: class=72 score=0.703 box=[210.4, 335.7, 278.2, 479.1]
det[1]: class=68 score=0.701 box=[381.9, 328.0, 433.6, 357.0]
Pre=2.13ms | Infer=209.37ms | Post=184.78ms | Total=396.29ms | FPS=2.52 | Mem=197.2 MB
Frame inference time: 212.73 ms | raw_in_boxes: 8400 | topK: 10 | final_detections: 2
det[0]: class=72 score=0.708 box=[210.3, 336.0, 278.1, 479.1]
det[1]: class=68 score=0.701 box=[381.9, 328.0, 433.6, 357.1]
Pre=2.28ms | Infer=212.73ms | Post=192.45ms | Total=407.46ms | FPS=2.45 | Mem=197.2 MB
Frame inference time: 209.87 ms | raw_in_boxes: 8400 | topK: 10 | final_detections: 2
det[0]: class=72 score=0.708 box=[210.4, 335.9, 278.6, 479.1]
det[1]: class=68 score=0.699 box=[381.8, 328.0, 433.5, 357.0]
Pre=2.14ms | Infer=209.87ms | Post=182.95ms | Total=394.96ms | FPS=2.53 | Mem=197.2 MB
FPS: 2.50 | Memory: 197.2 MB
Frame inference time: 212.67 ms | raw_in_boxes: 8400 | topK: 10 | final_detections: 3
det[0]: class=72 score=0.706 box=[210.3, 335.9, 278.2, 479.1]
det[1]: class=68 score=0.698 box=[381.8, 327.9, 433.4, 357.0]
det[2]: class=68 score=0.692 box=[211.9, 298.2, 279.9, 336.5]
Pre=2.16ms | Infer=212.67ms | Post=199.96ms | Total=414.79ms | FPS=2.41 | Mem=197.2 MB
Frame inference time: 210.49 ms | raw_in_boxes: 8400 | topK: 10 | final_detections: 2
det[0]: class=68 score=0.705 box=[381.9, 328.0, 433.5, 356.9]
det[1]: class=72 score=0.704 box=[210.3, 335.6, 278.5, 479.2]
Pre=2.13ms | Infer=210.49ms | Post=195.28ms | Total=407.90ms | FPS=2.45 | Mem=197.5 MB
Frame inference time: 218.89 ms | raw_in_boxes: 8400 | topK: 10 | final_detections: 3
det[0]: class=72 score=0.705 box=[210.0, 336.0, 277.7, 479.4]
det[1]: class=68 score=0.700 box=[381.8, 328.2, 433.8, 357.1]
det[2]: class=68 score=0.694 box=[211.7, 298.2, 281.5, 337.0]
Pre=1.79ms | Infer=218.89ms | Post=193.57ms | Total=414.24ms | FPS=2.41 | Mem=197.9 MB
FPS: 2.42 | Memory: 192.5 MB
Frame inference time: 224.35 ms | raw_in_boxes: 8400 | topK: 10 | final_detections: 2
det[0]: class=72 score=0.709 box=[210.2, 335.7, 277.8, 478.7]
det[1]: class=68 score=0.697 box=[381.7, 327.9, 433.6, 357.0]
Pre=2.15ms | Infer=224.35ms | Post=195.57ms | Total=422.07ms | FPS=2.37 | Mem=198.2 MB
[DBG] camera=1080x1920 | modelInput=640x640 | letterbox scale=0.3333 padX=140.00 padY=0.00 | rot=90 mirrored=false
Frame inference time: 215.75 ms | raw_in_boxes: 8400 | topK: 10 | final_detections: 2
det[0]: class=72 score=0.710 box=[210.2, 335.9, 278.4, 479.2]
det[1]: class=68 score=0.705 box=[381.9, 328.2, 433.7, 357.0]
Pre=2.13ms | Infer=215.75ms | Post=192.76ms | Total=410.63ms | FPS=2.44 | Mem=198.2 MB
Frame inference time: 213.01 ms | raw_in_boxes: 8400 | topK: 10 | final_detections: 2
det[0]: class=72 score=0.708 box=[210.4, 335.6, 278.0, 479.0]
det[1]: class=68 score=0.700 box=[381.8, 328.0, 433.6, 357.1]
[SEG] invalidate embedding+mask: primary changed
[DET] primary box orig=211.1,1006.8,414.0,1436.9 score=0.708 class=72
[DET] letterbox scale=0.3333 padX=140.00 padY=0.00
Pre=2.10ms | Infer=213.01ms | Post=212.16ms | Total=427.27ms | FPS=2.34 | Mem=199.0 MB
FPS: 2.38 | Memory: 199.0 MB
SAMEncoder loading model: MobileSAM_ImageEncoder_fp16_milfix (input=1024 feat=64 units=2)
Frame inference time: 229.68 ms | raw_in_boxes: 8400 | topK: 10 | final_detections: 2
det[0]: class=68 score=0.698 box=[381.7, 328.4, 433.7, 357.5]
det[1]: class=72 score=0.704 box=[210.0, 336.1, 277.7, 479.4]
[DET] primary box orig=210.0,1008.4,413.2,1438.3 score=0.704 class=72
[DET] letterbox scale=0.3333 padX=140.00 padY=0.00
[SEG] fallback: bbox-only (encoding in progress, no valid embedding)
Pre=2.19ms | Infer=229.68ms | Post=245.67ms | Total=477.55ms | FPS=2.09 | Mem=223.1 MB
Frame inference time: 261.13 ms | raw_in_boxes: 8400 | topK: 10 | final_detections: 2
det[0]: class=72 score=0.711 box=[210.3, 336.0, 278.2, 479.0]
det[1]: class=68 score=0.699 box=[381.9, 328.1, 433.3, 357.1]
[DET] primary box orig=211.0,1008.1,414.7,1437.1 score=0.711 class=72
[DET] letterbox scale=0.3333 padX=140.00 padY=0.00
[SEG] fallback: bbox-only (encoding in progress, no valid embedding)
Pre=2.63ms | Infer=261.13ms | Post=265.65ms | Total=529.41ms | FPS=1.89 | Mem=223.4 MB
FPS: 1.98 | Memory: 223.4 MB
Frame inference time: 261.83 ms | raw_in_boxes: 8400 | topK: 10 | final_detections: 2
det[0]: class=68 score=0.702 box=[381.8, 327.9, 433.7, 356.9]
det[1]: class=72 score=0.707 box=[210.3, 336.1, 278.0, 479.2]
[DET] primary box orig=210.8,1008.3,414.1,1437.5 score=0.707 class=72
[DET] letterbox scale=0.3333 padX=140.00 padY=0.00
[SEG] fallback: bbox-only (encoding in progress, no valid embedding)
Pre=1.97ms | Infer=261.83ms | Post=252.39ms | Total=516.19ms | FPS=1.94 | Mem=220.9 MB
Frame inference time: 250.57 ms | raw_in_boxes: 8400 | topK: 10 | final_detections: 2
det[0]: class=72 score=0.707 box=[210.3, 336.0, 278.0, 479.2]
det[1]: class=68 score=0.703 box=[381.8, 328.0, 433.6, 357.0]
[DET] primary box orig=211.0,1008.1,414.1,1437.6 score=0.707 class=72
[DET] letterbox scale=0.3333 padX=140.00 padY=0.00
[SEG] fallback: bbox-only (encoding in progress, no valid embedding)
Pre=2.60ms | Infer=250.57ms | Post=255.39ms | Total=508.56ms | FPS=1.97 | Mem=221.0 MB
FPS: 1.95 | Memory: 221.0 MB
Frame inference time: 224.38 ms | raw_in_boxes: 8400 | topK: 10 | final_detections: 2
det[0]: class=72 score=0.706 box=[210.2, 335.9, 278.3, 479.2]
det[1]: class=68 score=0.699 box=[381.9, 328.0, 433.5, 356.9]
[DET] primary box orig=210.7,1007.7,414.8,1437.5 score=0.706 class=72
[DET] letterbox scale=0.3333 padX=140.00 padY=0.00
[SEG] fallback: bbox-only (encoding in progress, no valid embedding)
Pre=2.05ms | Infer=224.38ms | Post=283.47ms | Total=509.90ms | FPS=1.96 | Mem=220.1 MB
Frame inference time: 264.11 ms | raw_in_boxes: 8400 | topK: 10 | final_detections: 2
det[0]: class=72 score=0.706 box=[210.2, 335.5, 278.7, 479.1]
det[1]: class=68 score=0.699 box=[381.8, 327.9, 433.5, 356.9]
[DET] primary box orig=210.7,1006.6,416.1,1437.4 score=0.706 class=72
[DET] letterbox scale=0.3333 padX=140.00 padY=0.00
[SEG] fallback: bbox-only (encoding in progress, no valid embedding)
Pre=2.68ms | Infer=264.11ms | Post=262.63ms | Total=529.42ms | FPS=1.89 | Mem=220.1 MB
FPS: 1.92 | Memory: 220.1 MB
Frame inference time: 244.17 ms | raw_in_boxes: 8400 | topK: 10 | final_detections: 2
det[0]: class=68 score=0.701 box=[381.9, 328.0, 433.5, 357.0]
det[1]: class=72 score=0.704 box=[210.4, 335.9, 278.1, 479.1]
[DET] primary box orig=211.1,1007.8,414.3,1437.4 score=0.704 class=72
[DET] letterbox scale=0.3333 padX=140.00 padY=0.00
[SEG] fallback: bbox-only (encoding in progress, no valid embedding)
Pre=2.63ms | Infer=244.17ms | Post=236.40ms | Total=483.19ms | FPS=2.07 | Mem=215.7 MB
Frame inference time: 248.62 ms | raw_in_boxes: 8400 | topK: 10 | final_detections: 2
det[0]: class=68 score=0.701 box=[381.9, 328.1, 433.5, 357.0]
det[1]: class=72 score=0.708 box=[210.3, 335.9, 278.2, 479.1]
[DET] primary box orig=211.0,1007.6,414.5,1437.4 score=0.708 class=72
[DET] letterbox scale=0.3333 padX=140.00 padY=0.00
[SEG] fallback: bbox-only (encoding in progress, no valid embedding)
Pre=1.77ms | Infer=248.62ms | Post=270.73ms | Total=521.12ms | FPS=1.92 | Mem=215.7 MB
FPS: 1.99 | Memory: 215.7 MB
Frame inference time: 253.69 ms | raw_in_boxes: 8400 | topK: 10 | final_detections: 2
det[0]: class=72 score=0.707 box=[210.4, 335.9, 278.1, 479.1]
det[1]: class=68 score=0.703 box=[381.8, 328.0, 433.6, 356.9]
[DET] primary box orig=211.1,1007.7,414.3,1437.4 score=0.707 class=72
[DET] letterbox scale=0.3333 padX=140.00 padY=0.00
[SEG] fallback: bbox-only (encoding in progress, no valid embedding)
Pre=2.67ms | Infer=253.69ms | Post=235.80ms | Total=492.16ms | FPS=2.03 | Mem=212.9 MB
Frame inference time: 257.13 ms | raw_in_boxes: 8400 | topK: 10 | final_detections: 3
det[0]: class=68 score=0.700 box=[381.8, 328.0, 433.5, 357.1]
det[1]: class=68 score=0.693 box=[212.0, 298.0, 280.6, 336.5]
det[2]: class=72 score=0.708 box=[210.3, 336.0, 278.0, 479.1]
[DET] primary box orig=210.9,1007.9,414.0,1437.3 score=0.708 class=72
[DET] letterbox scale=0.3333 padX=140.00 padY=0.00
[SEG] fallback: bbox-only (encoding in progress, no valid embedding)
Pre=2.31ms | Infer=257.13ms | Post=248.84ms | Total=508.28ms | FPS=1.97 | Mem=212.9 MB
FPS: 2.00 | Memory: 212.9 MB
Frame inference time: 263.99 ms | raw_in_boxes: 8400 | topK: 10 | final_detections: 2
det[0]: class=72 score=0.709 box=[210.4, 336.0, 278.1, 479.1]
det[1]: class=68 score=0.701 box=[381.8, 328.1, 433.6, 357.1]
[DET] primary box orig=211.1,1007.9,414.4,1437.4 score=0.709 class=72
[DET] letterbox scale=0.3333 padX=140.00 padY=0.00
[SEG] fallback: bbox-only (encoding in progress, no valid embedding)
Pre=2.66ms | Infer=263.99ms | Post=241.33ms | Total=507.98ms | FPS=1.97 | Mem=212.9 MB
Frame inference time: 237.54 ms | raw_in_boxes: 8400 | topK: 10 | final_detections: 2
det[0]: class=72 score=0.702 box=[210.3, 335.9, 278.6, 479.1]
det[1]: class=68 score=0.703 box=[381.9, 328.0, 433.7, 357.0]
[DET] primary box orig=211.0,1007.6,415.9,1437.3 score=0.702 class=72
[DET] letterbox scale=0.3333 padX=140.00 padY=0.00
[SEG] fallback: bbox-only (encoding in progress, no valid embedding)
Pre=1.82ms | Infer=237.54ms | Post=267.62ms | Total=506.98ms | FPS=1.97 | Mem=213.0 MB
FPS: 1.97 | Memory: 213.0 MB
Frame inference time: 263.09 ms | raw_in_boxes: 8400 | topK: 10 | final_detections: 2
det[0]: class=72 score=0.707 box=[210.3, 335.7, 278.5, 479.1]
det[1]: class=68 score=0.701 box=[381.9, 328.0, 433.5, 357.2]
[DET] primary box orig=210.8,1007.2,415.4,1437.4 score=0.707 class=72
[DET] letterbox scale=0.3333 padX=140.00 padY=0.00
[SEG] fallback: bbox-only (encoding in progress, no valid embedding)
Pre=1.84ms | Infer=263.09ms | Post=234.77ms | Total=499.70ms | FPS=2.00 | Mem=213.0 MB
Frame inference time: 236.17 ms | raw_in_boxes: 8400 | topK: 10 | final_detections: 2
det[0]: class=72 score=0.703 box=[210.3, 335.7, 278.1, 479.1]
det[1]: class=68 score=0.701 box=[381.8, 328.0, 433.5, 357.0]
[DET] primary box orig=211.0,1007.1,414.4,1437.3 score=0.703 class=72
[DET] letterbox scale=0.3333 padX=140.00 padY=0.00
[SEG] fallback: bbox-only (encoding in progress, no valid embedding)
Pre=2.32ms | Infer=236.17ms | Post=266.26ms | Total=504.75ms | FPS=1.98 | Mem=213.0 MB
FPS: 1.99 | Memory: 213.0 MB
Frame inference time: 211.41 ms | raw_in_boxes: 8400 | topK: 10 | final_detections: 2
det[0]: class=68 score=0.698 box=[381.9, 328.0, 433.5, 357.1]
det[1]: class=72 score=0.708 box=[210.3, 335.9, 278.2, 479.1]
[DET] primary box orig=210.8,1007.7,414.6,1437.4 score=0.708 class=72
[DET] letterbox scale=0.3333 padX=140.00 padY=0.00
[SEG] fallback: bbox-only (encoding in progress, no valid embedding)
Pre=2.32ms | Infer=211.41ms | Post=288.75ms | Total=502.48ms | FPS=1.99 | Mem=209.0 MB
aneSubTypeAndVariant: Unknown kMGQAppleNeuralEngineSubtype=0x8030 using (h15)
Frame inference time: 264.52 ms | raw_in_boxes: 8400 | topK: 10 | final_detections: 2
det[0]: class=72 score=0.706 box=[210.3, 335.8, 278.3, 479.2]
det[1]: class=68 score=0.701 box=[381.8, 328.0, 433.6, 357.0]
[DET] primary box orig=210.9,1007.3,414.9,1437.5 score=0.706 class=72
[DET] letterbox scale=0.3333 padX=140.00 padY=0.00
[SEG] fallback: bbox-only (encoding in progress, no valid embedding)
Pre=2.62ms | Infer=264.52ms | Post=267.60ms | Total=534.73ms | FPS=1.87 | Mem=258.7 MB
FPS: 1.93 | Memory: 258.7 MB
Frame inference time: 224.79 ms | raw_in_boxes: 8400 | topK: 10 | final_detections: 2
det[0]: class=72 score=0.704 box=[210.3, 335.9, 277.9, 479.2]
det[1]: class=68 score=0.702 box=[381.8, 328.1, 433.6, 357.0]
[DET] primary box orig=210.9,1007.8,413.8,1437.6 score=0.704 class=72
[DET] letterbox scale=0.3333 padX=140.00 padY=0.00
[SEG] fallback: bbox-only (encoding in progress, no valid embedding)
Pre=8.35ms | Infer=224.79ms | Post=209.73ms | Total=442.87ms | FPS=2.26 | Mem=262.3 MB
SAM encoder latency: 8968.33 ms (cold start — excluded from stats)
Frame inference time: 209.73 ms | raw_in_boxes: 8400 | topK: 10 | final_detections: 2
det[0]: class=72 score=0.705 box=[210.3, 335.7, 278.3, 479.1]
det[1]: class=68 score=0.705 box=[381.8, 328.0, 433.6, 357.0]
[DET] primary box orig=211.0,1007.1,414.9,1437.4 score=0.705 class=72
[DET] letterbox scale=0.3333 padX=140.00 padY=0.00
Pre=2.31ms | Infer=209.73ms | Post=206.98ms | Total=419.03ms | FPS=2.39 | Mem=241.2 MB
Invalid layer: Invalid input tensor channel 1 and format size 2 bytes, must be aligned on 64 bytes
Frame inference time: 254.54 ms | raw_in_boxes: 8400 | topK: 10 | final_detections: 2
det[0]: class=68 score=0.701 box=[381.8, 328.0, 433.6, 357.1]
det[1]: class=72 score=0.706 box=[210.4, 335.9, 278.2, 479.1]
[DET] primary box orig=211.1,1007.6,414.7,1437.4 score=0.706 class=72
[DET] letterbox scale=0.3333 padX=140.00 padY=0.00
Pre=2.12ms | Infer=254.54ms | Post=228.35ms | Total=485.01ms | FPS=2.06 | Mem=251.3 MB
FPS: 2.23 | Memory: 251.3 MB
Invalid layer: Invalid input tensor channel 1 and format size 2 bytes, must be aligned on 64 bytes
Invalid layer: Invalid input tensor channel 1 and format size 2 bytes, must be aligned on 64 bytes
Frame inference time: 247.41 ms | raw_in_boxes: 8400 | topK: 10 | final_detections: 2
det[0]: class=68 score=0.701 box=[381.8, 328.0, 433.6, 357.0]
det[1]: class=72 score=0.709 box=[210.3, 335.8, 278.4, 479.1]
[DET] primary box orig=210.9,1007.4,415.3,1437.4 score=0.709 class=72
[DET] letterbox scale=0.3333 padX=140.00 padY=0.00
Pre=2.16ms | Infer=247.41ms | Post=259.05ms | Total=508.62ms | FPS=1.97 | Mem=275.9 MB
Frame inference time: 251.72 ms | raw_in_boxes: 8400 | topK: 10 | final_detections: 2
det[0]: class=72 score=0.703 box=[210.3, 335.7, 278.3, 479.2]
det[1]: class=68 score=0.703 box=[381.8, 328.0, 433.5, 357.1]
[DET] primary box orig=210.8,1007.0,414.8,1437.5 score=0.703 class=72
[DET] letterbox scale=0.3333 padX=140.00 padY=0.00
Pre=2.81ms | Infer=251.72ms | Post=244.88ms | Total=499.41ms | FPS=2.00 | Mem=275.9 MB
FPS: 1.98 | Memory: 275.9 MB
Frame inference time: 254.25 ms | raw_in_boxes: 8400 | topK: 10 | final_detections: 2
det[0]: class=68 score=0.703 box=[381.9, 328.0, 433.6, 357.0]
det[1]: class=72 score=0.701 box=[210.3, 335.6, 278.4, 479.2]
[DET] primary box orig=210.8,1006.8,415.3,1437.5 score=0.701 class=72
[DET] letterbox scale=0.3333 padX=140.00 padY=0.00
Pre=1.95ms | Infer=254.25ms | Post=261.79ms | Total=517.99ms | FPS=1.93 | Mem=323.9 MB
[SEG] point decoder: multimask (3 candidates, CPU+GPU)
[SAM] orig(1080.0x1920.0) box=210.9862,1007.14764,414.91214,1437.4403 | sam=336.526,537.14545,445.2865,766.6349 | mask256=84.1315,134.28636,111.321625,191.65872
prompt box (px1024): 336.526 537.14545 445.2865 766.6349
Frame inference time: 250.14 ms | raw_in_boxes: 8400 | topK: 10 | final_detections: 2
det[0]: class=68 score=0.701 box=[381.8, 327.9, 433.5, 357.1]
det[1]: class=72 score=0.705 box=[210.3, 335.6, 278.6, 479.1]
[DET] primary box orig=210.8,1006.9,415.9,1437.3 score=0.705 class=72
[DET] letterbox scale=0.3333 padX=140.00 padY=0.00
Pre=2.27ms | Infer=250.14ms | Post=229.15ms | Total=481.56ms | FPS=2.08 | Mem=349.5 MB
FPS: 2.00 | Memory: 349.5 MB
maskBox (mask-space) = Optional((84.0, 134.0, 28.0, 58.0)), cropRect (input-space) = CGRect(x:224.0, y:0.0, width:576.0, height:1024.0)
Mask logits range: min=-18.75, max=14.6875 | mean=-12.690811, std=3.576903, thresh=10.159357 | nonzero=675/65536 | shape=[1, 1, 256, 256]
cropRect=(224.0, 0.0, 576.0, 1024.0) outRect=(0,0,1080.0,1920.0) drawRect=(-420.0, -0.0, 1920.0, 1920.0) nonzero=675
SAM decoder latency: 274.81 ms (cold start — excluded from stats)
Frame inference time: 249.76 ms | raw_in_boxes: 8400 | topK: 10 | final_detections: 2
det[0]: class=72 score=0.702 box=[210.3, 335.7, 278.5, 479.2]
det[1]: class=68 score=0.701 box=[381.8, 328.0, 433.6, 356.9]
[DET] primary box orig=210.9,1007.1,415.5,1437.5 score=0.702 class=72
[DET] letterbox scale=0.3333 padX=140.00 padY=0.00
Pre=2.47ms | Infer=249.76ms | Post=273.04ms | Total=525.28ms | FPS=1.90 | Mem=341.2 MB
[SAM] orig(1080.0x1920.0) box=210.90005,1007.0731,415.4684,1437.5416 | sam=336.48004,537.1057,445.58316,766.6889 | mask256=84.12001,134.27643,111.39579,191.67223
prompt box (px1024): 336.48004 537.1057 445.58316 766.6889
maskBox (mask-space) = Optional((84.0, 134.0, 28.0, 58.0)), cropRect (input-space) = CGRect(x:224.0, y:0.0, width:576.0, height:1024.0)
Mask logits range: min=-18.71875, max=14.7421875 | mean=-12.680222, std=3.5804846, thresh=10.189595 | nonzero=673/65536 | shape=[1, 1, 256, 256]
cropRect=(224.0, 0.0, 576.0, 1024.0) outRect=(0,0,1080.0,1920.0) drawRect=(-420.0, -0.0, 1920.0, 1920.0) nonzero=673
SAM decoder latency: 78.16 ms | mask refresh: 632.47 ms (1.58 Hz)
Frame inference time: 277.90 ms | raw_in_boxes: 8400 | topK: 10 | final_detections: 2
det[0]: class=72 score=0.704 box=[210.4, 335.8, 278.2, 479.1]
det[1]: class=68 score=0.701 box=[381.8, 328.0, 433.6, 357.1]
[DET] primary box orig=211.1,1007.4,414.7,1437.2 score=0.704 class=72
[DET] letterbox scale=0.3333 padX=140.00 padY=0.00
Pre=3.15ms | Infer=277.90ms | Post=275.97ms | Total=557.01ms | FPS=1.80 | Mem=305.5 MB
FPS: 1.84 | Memory: 305.5 MB
Frame inference time: 247.75 ms | raw_in_boxes: 8400 | topK: 10 | final_detections: 2
det[0]: class=68 score=0.698 box=[381.9, 328.0, 433.5, 357.1]
det[1]: class=72 score=0.706 box=[210.3, 335.8, 278.3, 479.1]
[DET] primary box orig=210.9,1007.4,415.0,1437.3 score=0.706 class=72
[DET] letterbox scale=0.3333 padX=140.00 padY=0.00
[SAM] orig(1080.0x1920.0) box=210.9017,1007.4254,414.98676,1437.2611 | sam=336.4809,537.2936,445.3263,766.5393 | mask256=84.120224,134.3234,111.33157,191.63483
prompt box (px1024): 336.4809 537.2936 445.3263 766.5393
Pre=2.35ms | Infer=247.75ms | Post=249.91ms | Total=500.02ms | FPS=2.00 | Mem=305.2 MB
maskBox (mask-space) = Optional((84.0, 134.0, 28.0, 58.0)), cropRect (input-space) = CGRect(x:224.0, y:0.0, width:576.0, height:1024.0)
Mask logits range: min=-18.703125, max=14.6875 | mean=-12.68895, std=3.5757382, thresh=10.154179 | nonzero=674/65536 | shape=[1, 1, 256, 256]
cropRect=(224.0, 0.0, 576.0, 1024.0) outRect=(0,0,1080.0,1920.0) drawRect=(-420.0, -0.0, 1920.0, 1920.0) nonzero=674
SAM decoder latency: 100.79 ms | mask refresh: 1081.24 ms (0.92 Hz)
Frame inference time: 290.22 ms | raw_in_boxes: 8400 | topK: 10 | final_detections: 2
det[0]: class=68 score=0.700 box=[381.9, 328.0, 433.6, 357.1]
det[1]: class=72 score=0.706 box=[210.3, 335.8, 278.4, 479.2]
[DET] primary box orig=210.9,1007.5,415.3,1437.5 score=0.706 class=72
[DET] letterbox scale=0.3333 padX=140.00 padY=0.00
Pre=3.48ms | Infer=290.22ms | Post=215.35ms | Total=509.04ms | FPS=1.96 | Mem=325.0 MB
FPS: 1.98 | Memory: 325.0 MB
SAM encoder latency: 743.87 ms
Frame inference time: 218.80 ms | raw_in_boxes: 8400 | topK: 10 | final_detections: 2
det[0]: class=72 score=0.705 box=[210.3, 335.7, 278.5, 479.1]
det[1]: class=68 score=0.700 box=[381.8, 328.0, 433.5, 357.2]
[DET] primary box orig=210.8,1007.1,415.5,1437.4 score=0.705 class=72
[DET] letterbox scale=0.3333 padX=140.00 padY=0.00
Pre=9.73ms | Infer=218.80ms | Post=212.82ms | Total=441.35ms | FPS=2.27 | Mem=318.0 MB
[SAM] orig(1080.0x1920.0) box=210.81427,1007.1066,415.46924,1437.4498 | sam=336.43427,537.12354,445.58362,766.63995 | mask256=84.10857,134.28088,111.395905,191.65999
prompt box (px1024): 336.43427 537.12354 445.58362 766.63995
[DBG] camera=1080x1920 | modelInput=640x640 | letterbox scale=0.3333 padX=140.00 padY=0.00 | rot=90 mirrored=false
maskBox (mask-space) = Optional((84.0, 134.0, 28.0, 58.0)), cropRect (input-space) = CGRect(x:224.0, y:0.0, width:576.0, height:1024.0)
Mask logits range: min=-18.765625, max=14.65625 | mean=-12.605544, std=3.5611506, thresh=10.161751 | nonzero=687/65536 | shape=[1, 1, 256, 256]
cropRect=(224.0, 0.0, 576.0, 1024.0) outRect=(0,0,1080.0,1920.0) drawRect=(-420.0, -0.0, 1920.0, 1920.0) nonzero=687
SAM decoder latency: 71.95 ms | mask refresh: 924.72 ms (1.08 Hz)
Frame inference time: 219.88 ms | raw_in_boxes: 8400 | topK: 10 | final_detections: 2
det[0]: class=68 score=0.699 box=[381.9, 328.0, 433.5, 357.0]
det[1]: class=72 score=0.705 box=[210.3, 335.9, 278.2, 479.1]
[DET] primary box orig=211.0,1007.7,414.6,1437.2 score=0.705 class=72
[DET] letterbox scale=0.3333 padX=140.00 padY=0.00
SAM encoder cache hit rate: 40.0% (12/30)
Pre=3.00ms | Infer=219.88ms | Post=208.10ms | Total=430.98ms | FPS=2.32 | Mem=318.5 MB
Frame inference time: 216.86 ms | raw_in_boxes: 8400 | topK: 10 | final_detections: 2
det[0]: class=72 score=0.705 box=[210.4, 335.8, 278.4, 479.2]
det[1]: class=68 score=0.701 box=[381.8, 328.0, 433.6, 357.0]
[DET] primary box orig=211.1,1007.3,415.3,1437.5 score=0.705 class=72
[DET] letterbox scale=0.3333 padX=140.00 padY=0.00
[SAM] orig(1080.0x1920.0) box=211.07318,1007.3485,415.33987,1437.5344 | sam=336.5724,537.25256,445.51462,766.68506 | mask256=84.1431,134.31314,111.378654,191.67126
prompt box (px1024): 336.5724 537.25256 445.51462 766.68506
Pre=3.22ms | Infer=216.86ms | Post=196.21ms | Total=416.29ms | FPS=2.40 | Mem=318.5 MB
FPS: 2.32 | Memory: 318.5 MB
maskBox (mask-space) = Optional((84.0, 134.0, 28.0, 58.0)), cropRect (input-space) = CGRect(x:224.0, y:0.0, width:576.0, height:1024.0)
Mask logits range: min=-18.734375, max=14.6640625 | mean=-12.6108, std=3.5589411, thresh=10.148173 | nonzero=683/65536 | shape=[1, 1, 256, 256]
cropRect=(224.0, 0.0, 576.0, 1024.0) outRect=(0,0,1080.0,1920.0) drawRect=(-420.0, -0.0, 1920.0, 1920.0) nonzero=683
SAM decoder latency: 67.44 ms | mask refresh: 844.97 ms (1.18 Hz)
Frame inference time: 216.56 ms | raw_in_boxes: 8400 | topK: 10 | final_detections: 2
det[0]: class=72 score=0.705 box=[210.3, 335.9, 277.8, 479.1]
det[1]: class=68 score=0.700 box=[381.8, 328.0, 433.4, 357.0]
[DET] primary box orig=211.0,1007.6,413.4,1437.3 score=0.705 class=72
[DET] letterbox scale=0.3333 padX=140.00 padY=0.00
Pre=2.72ms | Infer=216.56ms | Post=195.29ms | Total=414.57ms | FPS=2.41 | Mem=318.5 MB
Frame inference time: 214.00 ms | raw_in_boxes: 8400 | topK: 10 | final_detections: 2
det[0]: class=72 score=0.706 box=[210.3, 335.9, 278.2, 479.2]
det[1]: class=68 score=0.703 box=[381.8, 328.0, 433.6, 357.0]
[DET] primary box orig=211.0,1007.7,414.7,1437.6 score=0.706 class=72
[DET] letterbox scale=0.3333 padX=140.00 padY=0.00
[SAM] orig(1080.0x1920.0) box=210.98822,1007.74896,414.7174,1437.6233 | sam=336.52704,537.4661,445.18262,766.7325 | mask256=84.13176,134.36653,111.295654,191.68312
prompt box (px1024): 336.52704 537.4661 445.18262 766.7325
Pre=3.21ms | Infer=214.00ms | Post=192.78ms | Total=409.99ms | FPS=2.44 | Mem=318.5 MB
maskBox (mask-space) = Optional((84.0, 134.0, 28.0, 58.0)), cropRect (input-space) = CGRect(x:224.0, y:0.0, width:576.0, height:1024.0)
Mask logits range: min=-18.875, max=14.796875 | mean=-12.630202, std=3.5570948, thresh=10.127922 | nonzero=682/65536 | shape=[1, 1, 256, 256]
cropRect=(224.0, 0.0, 576.0, 1024.0) outRect=(0,0,1080.0,1920.0) drawRect=(-420.0, -0.0, 1920.0, 1920.0) nonzero=682
SAM decoder latency: 68.38 ms | mask refresh: 827.22 ms (1.21 Hz)
Frame inference time: 212.91 ms | raw_in_boxes: 8400 | topK: 10 | final_detections: 2
det[0]: class=68 score=0.702 box=[381.9, 328.0, 433.6, 357.0]
det[1]: class=72 score=0.706 box=[210.3, 335.5, 278.3, 479.2]
[DET] primary box orig=210.9,1006.6,414.8,1437.5 score=0.706 class=72
[DET] letterbox scale=0.3333 padX=140.00 padY=0.00
Pre=3.28ms | Infer=212.91ms | Post=193.90ms | Total=410.09ms | FPS=2.44 | Mem=318.5 MB
FPS: 2.43 | Memory: 318.5 MB
Frame inference time: 211.97 ms | raw_in_boxes: 8400 | topK: 10 | final_detections: 2
det[0]: class=68 score=0.699 box=[381.9, 327.9, 433.5, 357.0]
det[1]: class=72 score=0.705 box=[210.2, 335.5, 278.6, 479.2]
[DET] primary box orig=210.7,1006.6,415.8,1437.5 score=0.705 class=72
[DET] letterbox scale=0.3333 padX=140.00 padY=0.00
Pre=2.28ms | Infer=211.97ms | Post=192.63ms | Total=406.88ms | FPS=2.46 | Mem=319.5 MB
[SAM] orig(1080.0x1920.0) box=210.72739,1006.6357,415.83023,1437.5398 | sam=336.38794,536.8724,445.77612,766.6879 | mask256=84.096985,134.2181,111.44403,191.67198
prompt box (px1024): 336.38794 536.8724 445.77612 766.6879
maskBox (mask-space) = Optional((84.0, 134.0, 28.0, 58.0)), cropRect (input-space) = CGRect(x:224.0, y:0.0, width:576.0, height:1024.0)
Mask logits range: min=-18.703125, max=14.6328125 | mean=-12.588144, std=3.56414, thresh=10.193998 | nonzero=685/65536 | shape=[1, 1, 256, 256]
cropRect=(224.0, 0.0, 576.0, 1024.0) outRect=(0,0,1080.0,1920.0) drawRect=(-420.0, -0.0, 1920.0, 1920.0) nonzero=685
SAM decoder latency: 69.85 ms | mask refresh: 821.04 ms (1.22 Hz)
Frame inference time: 213.20 ms | raw_in_boxes: 8400 | topK: 10 | final_detections: 2
det[0]: class=68 score=0.702 box=[381.9, 328.0, 433.6, 356.8]
det[1]: class=72 score=0.707 box=[210.3, 336.0, 278.1, 479.0]
[DET] primary box orig=210.8,1008.1,414.2,1437.0 score=0.707 class=72
[DET] letterbox scale=0.3333 padX=140.00 padY=0.00
Pre=7.43ms | Infer=213.20ms | Post=198.87ms | Total=419.50ms | FPS=2.38 | Mem=319.7 MB
Frame inference time: 221.31 ms | raw_in_boxes: 8400 | topK: 10 | final_detections: 2
det[0]: class=68 score=0.702 box=[381.8, 328.0, 433.6, 357.0]
det[1]: class=72 score=0.704 box=[210.3, 335.9, 278.3, 479.1]
[DET] primary box orig=211.0,1007.7,414.9,1437.3 score=0.704 class=72
[DET] letterbox scale=0.3333 padX=140.00 padY=0.00
Pre=2.20ms | Infer=221.31ms | Post=270.16ms | Total=493.68ms | FPS=2.03 | Mem=319.7 MB
[SAM] orig(1080.0x1920.0) box=210.98666,1007.7493,414.8507,1437.3488 | sam=336.52625,537.4663,445.25372,766.58606 | mask256=84.13156,134.36658,111.31343,191.64651
prompt box (px1024): 336.52625 537.4663 445.25372 766.58606
FPS: 2.27 | Memory: 319.7 MB
maskBox (mask-space) = Optional((84.0, 134.0, 28.0, 58.0)), cropRect (input-space) = CGRect(x:224.0, y:0.0, width:576.0, height:1024.0)
Mask logits range: min=-18.828125, max=14.796875 | mean=-12.626025, std=3.5575645, thresh=10.130251 | nonzero=683/65536 | shape=[1, 1, 256, 256]
cropRect=(224.0, 0.0, 576.0, 1024.0) outRect=(0,0,1080.0,1920.0) drawRect=(-420.0, -0.0, 1920.0, 1920.0) nonzero=683
SAM decoder latency: 70.37 ms | mask refresh: 914.39 ms (1.09 Hz)
Frame inference time: 213.08 ms | raw_in_boxes: 8400 | topK: 10 | final_detections: 2
det[0]: class=68 score=0.702 box=[381.8, 328.0, 433.5, 357.0]
det[1]: class=72 score=0.707 box=[210.3, 335.8, 278.6, 479.1]
[DET] primary box orig=210.9,1007.3,415.9,1437.2 score=0.707 class=72
[DET] letterbox scale=0.3333 padX=140.00 padY=0.00
Pre=2.94ms | Infer=213.08ms | Post=193.14ms | Total=409.15ms | FPS=2.44 | Mem=319.7 MB
Frame inference time: 226.00 ms | raw_in_boxes: 8400 | topK: 10 | final_detections: 2
det[0]: class=72 score=0.707 box=[210.3, 335.9, 278.2, 479.1]
det[1]: class=68 score=0.699 box=[381.8, 328.1, 433.5, 357.0]
[DET] primary box orig=210.8,1007.8,414.6,1437.4 score=0.707 class=72
[DET] letterbox scale=0.3333 padX=140.00 padY=0.00
Pre=2.45ms | Infer=226.00ms | Post=199.49ms | Total=427.95ms | FPS=2.34 | Mem=322.2 MB
[SAM] orig(1080.0x1920.0) box=210.81583,1007.84033,414.55362,1437.3622 | sam=336.43512,537.5149,445.09528,766.5932 | mask256=84.10878,134.37872,111.27382,191.6483
prompt box (px1024): 336.43512 537.5149 445.09528 766.5932
maskBox (mask-space) = Optional((84.0, 134.0, 28.0, 58.0)), cropRect (input-space) = CGRect(x:224.0, y:0.0, width:576.0, height:1024.0)
Mask logits range: min=-18.875, max=14.6875 | mean=-12.634203, std=3.5561574, thresh=10.117261 | nonzero=678/65536 | shape=[1, 1, 256, 256]
cropRect=(224.0, 0.0, 576.0, 1024.0) outRect=(0,0,1080.0,1920.0) drawRect=(-420.0, -0.0, 1920.0, 1920.0) nonzero=678
SAM decoder latency: 68.46 ms | mask refresh: 836.95 ms (1.19 Hz)
SAM encoder latency: 600.60 ms
Frame inference time: 225.87 ms | raw_in_boxes: 8400 | topK: 10 | final_detections: 2
det[0]: class=68 score=0.699 box=[381.9, 328.0, 433.5, 357.0]
det[1]: class=72 score=0.704 box=[210.3, 335.9, 278.2, 479.1]
[DET] primary box orig=211.0,1007.7,414.5,1437.4 score=0.704 class=72
[DET] letterbox scale=0.3333 padX=140.00 padY=0.00
Pre=4.02ms | Infer=225.87ms | Post=208.73ms | Total=438.62ms | FPS=2.28 | Mem=311.5 MB
FPS: 2.35 | Memory: 311.5 MB
Frame inference time: 221.11 ms | raw_in_boxes: 8400 | topK: 10 | final_detections: 2
det[0]: class=68 score=0.701 box=[381.9, 328.0, 433.5, 357.0]
det[1]: class=72 score=0.707 box=[210.3, 335.9, 278.2, 479.1]
[DET] primary box orig=211.0,1007.6,414.7,1437.2 score=0.707 class=72
[DET] letterbox scale=0.3333 padX=140.00 padY=0.00
Pre=2.34ms | Infer=221.11ms | Post=194.56ms | Total=418.01ms | FPS=2.39 | Mem=311.5 MB
[SAM] orig(1080.0x1920.0) box=210.9874,1007.6316,414.67383,1437.1571 | sam=336.5266,537.40356,445.1594,766.4838 | mask256=84.13165,134.35089,111.28985,191.62096
prompt box (px1024): 336.5266 537.40356 445.1594 766.4838
maskBox (mask-space) = Optional((84.0, 134.0, 28.0, 58.0)), cropRect (input-space) = CGRect(x:224.0, y:0.0, width:576.0, height:1024.0)
Mask logits range: min=-18.828125, max=14.703125 | mean=-12.637521, std=3.556565, thresh=10.118408 | nonzero=680/65536 | shape=[1, 1, 256, 256]
cropRect=(224.0, 0.0, 576.0, 1024.0) outRect=(0,0,1080.0,1920.0) drawRect=(-420.0, -0.0, 1920.0, 1920.0) nonzero=680
SAM decoder latency: 68.93 ms | mask refresh: 858.06 ms (1.17 Hz)
Frame inference time: 225.32 ms | raw_in_boxes: 8400 | topK: 10 | final_detections: 2
det[0]: class=72 score=0.703 box=[210.3, 335.6, 278.3, 479.0]
det[1]: class=68 score=0.700 box=[381.9, 327.9, 433.5, 357.0]
[DET] primary box orig=210.9,1006.9,414.8,1437.1 score=0.703 class=72
[DET] letterbox scale=0.3333 padX=140.00 padY=0.00
Pre=2.46ms | Infer=225.32ms | Post=198.09ms | Total=425.87ms | FPS=2.35 | Mem=311.5 MB
Frame inference time: 207.56 ms | raw_in_boxes: 8400 | topK: 10 | final_detections: 2
det[0]: class=72 score=0.710 box=[210.4, 336.0, 278.0, 479.1]
det[1]: class=68 score=0.700 box=[381.9, 327.9, 433.5, 357.0]
[DET] primary box orig=211.2,1008.1,414.1,1437.3 score=0.710 class=72
[DET] letterbox scale=0.3333 padX=140.00 padY=0.00
Pre=3.17ms | Infer=207.56ms | Post=207.94ms | Total=418.67ms | FPS=2.39 | Mem=311.5 MB
[SAM] orig(1080.0x1920.0) box=211.16043,1008.1073,414.09476,1437.2589 | sam=336.6189,537.6572,444.85056,766.53815 | mask256=84.154724,134.4143,111.21264,191.63454
prompt box (px1024): 336.6189 537.6572 444.85056 766.53815
FPS: 2.37 | Memory: 311.5 MB
maskBox (mask-space) = Optional((84.0, 134.0, 28.0, 58.0)), cropRect (input-space) = CGRect(x:224.0, y:0.0, width:576.0, height:1024.0)
Mask logits range: min=-18.984375, max=14.75 | mean=-12.655812, std=3.5525663, thresh=10.084873 | nonzero=677/65536 | shape=[1, 1, 256, 256]
cropRect=(224.0, 0.0, 576.0, 1024.0) outRect=(0,0,1080.0,1920.0) drawRect=(-420.0, -0.0, 1920.0, 1920.0) nonzero=677
SAM decoder latency: 68.17 ms | mask refresh: 844.74 ms (1.18 Hz)
[DBG] mask layer frame={{0, 0}, {414, 896}} | bounds={{0, 0}, {414, 896}} | rot=90 mirrored=false
Frame inference time: 221.13 ms | raw_in_boxes: 8400 | topK: 10 | final_detections: 2
det[0]: class=72 score=0.700 box=[210.3, 335.9, 277.9, 479.3]
det[1]: class=68 score=0.702 box=[381.9, 328.1, 433.6, 357.0]
[DET] primary box orig=210.8,1007.7,413.7,1437.8 score=0.700 class=72
[DET] letterbox scale=0.3333 padX=140.00 padY=0.00
Pre=3.27ms | Infer=221.13ms | Post=205.44ms | Total=429.84ms | FPS=2.33 | Mem=297.8 MB
Frame inference time: 215.99 ms | raw_in_boxes: 8400 | topK: 10 | final_detections: 2
det[0]: class=72 score=0.705 box=[210.3, 335.8, 278.3, 479.1]
det[1]: class=68 score=0.698 box=[381.8, 328.0, 433.4, 357.0]
[DET] primary box orig=210.8,1007.3,414.9,1437.4 score=0.705 class=72
[DET] letterbox scale=0.3333 padX=140.00 padY=0.00
Pre=2.24ms | Infer=215.99ms | Post=192.50ms | Total=410.72ms | FPS=2.43 | Mem=297.8 MB
[SAM] orig(1080.0x1920.0) box=210.81546,1007.2551,414.8964,1437.4475 | sam=336.43494,537.20276,445.27808,766.63873 | mask256=84.108734,134.30069,111.31952,191.65968
prompt box (px1024): 336.43494 537.20276 445.27808 766.63873
maskBox (mask-space) = Optional((84.0, 134.0, 28.0, 58.0)), cropRect (input-space) = CGRect(x:224.0, y:0.0, width:576.0, height:1024.0)
Mask logits range: min=-18.734375, max=14.734375 | mean=-12.629663, std=3.558495, thresh=10.134355 | nonzero=683/65536 | shape=[1, 1, 256, 256]
cropRect=(224.0, 0.0, 576.0, 1024.0) outRect=(0,0,1080.0,1920.0) drawRect=(-420.0, -0.0, 1920.0, 1920.0) nonzero=683
SAM decoder latency: 72.18 ms | mask refresh: 845.86 ms (1.18 Hz)
Frame inference time: 231.10 ms | raw_in_boxes: 8400 | topK: 10 | final_detections: 2
det[0]: class=72 score=0.705 box=[210.3, 336.0, 278.1, 479.2]
det[1]: class=68 score=0.703 box=[381.9, 328.0, 433.6, 357.1]
[DET] primary box orig=211.0,1007.9,414.4,1437.6 score=0.705 class=72
[DET] letterbox scale=0.3333 padX=140.00 padY=0.00
Pre=4.18ms | Infer=231.10ms | Post=195.53ms | Total=430.82ms | FPS=2.32 | Mem=297.9 MB
FPS: 2.36 | Memory: 297.9 MB
Frame inference time: 213.74 ms | raw_in_boxes: 8400 | topK: 10 | final_detections: 2
det[0]: class=72 score=0.704 box=[210.4, 335.7, 278.5, 479.1]
det[1]: class=68 score=0.702 box=[381.9, 328.0, 433.5, 357.0]
[DET] primary box orig=211.1,1007.2,415.5,1437.2 score=0.704 class=72
[DET] letterbox scale=0.3333 padX=140.00 padY=0.00
[SAM] orig(1080.0x1920.0) box=211.07263,1007.2491,415.45496,1437.1699 | sam=336.57208,537.1995,445.576,766.49066 | mask256=84.14302,134.29988,111.394,191.62267
prompt box (px1024): 336.57208 537.1995 445.576 766.49066
Pre=2.47ms | Infer=213.74ms | Post=193.06ms | Total=409.28ms | FPS=2.44 | Mem=297.9 MB
maskBox (mask-space) = Optional((84.0, 134.0, 28.0, 58.0)), cropRect (input-space) = CGRect(x:224.0, y:0.0, width:576.0, height:1024.0)
Mask logits range: min=-18.796875, max=14.6953125 | mean=-12.618688, std=3.5600235, thresh=10.146131 | nonzero=686/65536 | shape=[1, 1, 256, 256]
cropRect=(224.0, 0.0, 576.0, 1024.0) outRect=(0,0,1080.0,1920.0) drawRect=(-420.0, -0.0, 1920.0, 1920.0) nonzero=686
SAM decoder latency: 69.35 ms | mask refresh: 837.28 ms (1.19 Hz)
Frame inference time: 217.91 ms | raw_in_boxes: 8400 | topK: 10 | final_detections: 2
det[0]: class=68 score=0.700 box=[381.8, 328.0, 433.5, 357.1]
det[1]: class=72 score=0.704 box=[210.3, 335.8, 278.3, 479.2]
[DET] primary box orig=211.0,1007.5,414.8,1437.5 score=0.704 class=72
[DET] letterbox scale=0.3333 padX=140.00 padY=0.00
Pre=3.35ms | Infer=217.91ms | Post=195.92ms | Total=417.18ms | FPS=2.40 | Mem=297.9 MB
Frame inference time: 214.19 ms | raw_in_boxes: 8400 | topK: 10 | final_detections: 2
det[0]: class=72 score=0.708 box=[210.3, 335.9, 278.4, 479.1]
det[1]: class=68 score=0.702 box=[381.9, 328.0, 433.6, 357.0]
[DET] primary box orig=210.9,1007.8,415.1,1437.3 score=0.708 class=72
[DET] letterbox scale=0.3333 padX=140.00 padY=0.00
Pre=2.27ms | Infer=214.19ms | Post=192.62ms | Total=409.09ms | FPS=2.44 | Mem=297.9 MB
[SAM] orig(1080.0x1920.0) box=210.90161,1007.79016,415.0968,1437.2637 | sam=336.48087,537.4881,445.38498,766.54065 | mask256=84.12022,134.37202,111.346245,191.63516
prompt box (px1024): 336.48087 537.4881 445.38498 766.54065
FPS: 2.42 | Memory: 297.9 MB
maskBox (mask-space) = Optional((84.0, 134.0, 28.0, 58.0)), cropRect (input-space) = CGRect(x:224.0, y:0.0, width:576.0, height:1024.0)
Mask logits range: min=-18.765625, max=14.65625 | mean=-12.626917, std=3.5576632, thresh=10.128753 | nonzero=676/65536 | shape=[1, 1, 256, 256]
cropRect=(224.0, 0.0, 576.0, 1024.0) outRect=(0,0,1080.0,1920.0) drawRect=(-420.0, -0.0, 1920.0, 1920.0) nonzero=676
SAM decoder latency: 93.55 ms | mask refresh: 852.42 ms (1.17 Hz)
Frame inference time: 248.70 ms | raw_in_boxes: 8400 | topK: 10 | final_detections: 2
det[0]: class=72 score=0.706 box=[210.3, 335.9, 278.0, 479.1]
det[1]: class=68 score=0.701 box=[381.8, 328.0, 433.5, 357.1]
[DET] primary box orig=210.9,1007.7,414.0,1437.3 score=0.706 class=72
[DET] letterbox scale=0.3333 padX=140.00 padY=0.00
Pre=3.99ms | Infer=248.70ms | Post=205.84ms | Total=458.52ms | FPS=2.18 | Mem=305.6 MB
SAM encoder latency: 616.09 ms
Frame inference time: 232.12 ms | raw_in_boxes: 8400 | topK: 10 | final_detections: 2
det[0]: class=68 score=0.703 box=[381.8, 328.0, 433.6, 357.1]
det[1]: class=72 score=0.704 box=[210.4, 335.9, 277.9, 479.1]
[DET] primary box orig=211.1,1007.8,413.7,1437.3 score=0.704 class=72
[DET] letterbox scale=0.3333 padX=140.00 padY=0.00
Pre=1.98ms | Infer=232.12ms | Post=196.00ms | Total=430.11ms | FPS=2.33 | Mem=294.0 MB
[SAM] orig(1080.0x1920.0) box=211.07199,1007.83575,413.66354,1437.3444 | sam=336.57172,537.51245,444.62057,766.5837 | mask256=84.14293,134.37811,111.15514,191.64592
prompt box (px1024): 336.57172 537.51245 444.62057 766.5837
maskBox (mask-space) = Optional((84.0, 134.0, 28.0, 58.0)), cropRect (input-space) = CGRect(x:224.0, y:0.0, width:576.0, height:1024.0)
Mask logits range: min=-18.9375, max=14.71875 | mean=-12.666734, std=3.5519092, thresh=10.063939 | nonzero=671/65536 | shape=[1, 1, 256, 256]
cropRect=(224.0, 0.0, 576.0, 1024.0) outRect=(0,0,1080.0,1920.0) drawRect=(-420.0, -0.0, 1920.0, 1920.0) nonzero=671
SAM decoder latency: 74.94 ms | mask refresh: 872.45 ms (1.15 Hz)
Frame inference time: 217.43 ms | raw_in_boxes: 8400 | topK: 10 | final_detections: 2
det[0]: class=68 score=0.700 box=[381.8, 328.0, 433.5, 357.0]
det[1]: class=72 score=0.707 box=[210.4, 335.9, 278.1, 479.2]
[DET] primary box orig=211.1,1007.7,414.2,1437.6 score=0.707 class=72
[DET] letterbox scale=0.3333 padX=140.00 padY=0.00
Pre=2.59ms | Infer=217.43ms | Post=197.60ms | Total=417.63ms | FPS=2.39 | Mem=294.7 MB
FPS: 2.29 | Memory: 294.7 MB
Frame inference time: 217.54 ms | raw_in_boxes: 8400 | topK: 10 | final_detections: 2
det[0]: class=68 score=0.701 box=[381.9, 328.0, 433.5, 357.0]
det[1]: class=72 score=0.702 box=[210.4, 335.8, 277.9, 479.2]
[DET] primary box orig=211.1,1007.4,413.8,1437.5 score=0.702 class=72
[DET] letterbox scale=0.3333 padX=140.00 padY=0.00
Pre=2.39ms | Infer=217.54ms | Post=195.92ms | Total=415.85ms | FPS=2.40 | Mem=294.7 MB
[SAM] orig(1080.0x1920.0) box=211.07071,1007.4452,413.8494,1437.5262 | sam=336.57104,537.30414,444.7197,766.6807 | mask256=84.14276,134.32603,111.179924,191.67018
prompt box (px1024): 336.57104 537.30414 444.7197 766.6807
maskBox (mask-space) = Optional((84.0, 134.0, 28.0, 58.0)), cropRect (input-space) = CGRect(x:224.0, y:0.0, width:576.0, height:1024.0)
Mask logits range: min=-18.796875, max=14.6328125 | mean=-12.6459465, std=3.5504503, thresh=10.07243 | nonzero=677/65536 | shape=[1, 1, 256, 256]
cropRect=(224.0, 0.0, 576.0, 1024.0) outRect=(0,0,1080.0,1920.0) drawRect=(-420.0, -0.0, 1920.0, 1920.0) nonzero=677
SAM decoder latency: 70.72 ms | mask refresh: 829.99 ms (1.20 Hz)
Frame inference time: 260.55 ms | raw_in_boxes: 8400 | topK: 10 | final_detections: 2
det[0]: class=72 score=0.705 box=[210.3, 335.7, 278.8, 479.2]
det[1]: class=68 score=0.699 box=[381.8, 328.0, 433.5, 356.9]
[DET] primary box orig=210.8,1007.0,416.3,1437.5 score=0.705 class=72
[DET] letterbox scale=0.3333 padX=140.00 padY=0.00
Pre=3.22ms | Infer=260.55ms | Post=275.77ms | Total=539.54ms | FPS=1.85 | Mem=294.8 MB
Frame inference time: 253.72 ms | raw_in_boxes: 8400 | topK: 10 | final_detections: 2
det[0]: class=68 score=0.701 box=[381.8, 328.0, 433.5, 357.1]
det[1]: class=72 score=0.707 box=[210.3, 336.0, 278.1, 479.1]
[DET] primary box orig=210.9,1008.1,414.2,1437.2 score=0.707 class=72
[DET] letterbox scale=0.3333 padX=140.00 padY=0.00
Pre=2.57ms | Infer=253.72ms | Post=218.63ms | Total=474.92ms | FPS=2.11 | Mem=294.8 MB
[SAM] orig(1080.0x1920.0) box=210.90079,1008.05164,414.23703,1437.1616 | sam=336.4804,537.62756,444.92642,766.48627 | mask256=84.1201,134.40689,111.231606,191.62157
prompt box (px1024): 336.4804 537.62756 444.92642 766.48627
FPS: 2.09 | Memory: 294.8 MB
maskBox (mask-space) = Optional((84.0, 134.0, 28.0, 58.0)), cropRect (input-space) = CGRect(x:224.0, y:0.0, width:576.0, height:1024.0)
Mask logits range: min=-18.828125, max=14.640625 | mean=-12.649272, std=3.5518878, thresh=10.076277 | nonzero=674/65536 | shape=[1, 1, 256, 256]
cropRect=(224.0, 0.0, 576.0, 1024.0) outRect=(0,0,1080.0,1920.0) drawRect=(-420.0, -0.0, 1920.0, 1920.0) nonzero=674
SAM decoder latency: 68.45 ms | mask refresh: 1014.18 ms (0.99 Hz)
Frame inference time: 225.87 ms | raw_in_boxes: 8400 | topK: 10 | final_detections: 2
det[0]: class=68 score=0.700 box=[381.8, 328.0, 433.6, 356.9]
det[1]: class=72 score=0.705 box=[210.3, 336.0, 278.2, 479.1]
[DET] primary box orig=211.0,1008.1,414.7,1437.4 score=0.705 class=72
[DET] letterbox scale=0.3333 padX=140.00 padY=0.00
Pre=3.72ms | Infer=225.87ms | Post=218.65ms | Total=448.24ms | FPS=2.23 | Mem=294.7 MB
Frame inference time: 215.65 ms | raw_in_boxes: 8400 | topK: 10 | final_detections: 2
det[0]: class=68 score=0.703 box=[381.9, 328.0, 433.6, 357.0]
det[1]: class=72 score=0.706 box=[210.3, 335.8, 278.3, 479.1]
[DET] primary box orig=210.9,1007.5,415.0,1437.3 score=0.706 class=72
[DET] letterbox scale=0.3333 padX=140.00 padY=0.00
Pre=2.34ms | Infer=215.65ms | Post=204.16ms | Total=422.16ms | FPS=2.37 | Mem=294.7 MB
[SAM] orig(1080.0x1920.0) box=210.90125,1007.50854,414.98987,1437.2616 | sam=336.48065,537.3379,445.32794,766.53955 | mask256=84.12016,134.33447,111.331985,191.63489
prompt box (px1024): 336.48065 537.3379 445.32794 766.53955
maskBox (mask-space) = Optional((84.0, 134.0, 28.0, 58.0)), cropRect (input-space) = CGRect(x:224.0, y:0.0, width:576.0, height:1024.0)
Mask logits range: min=-18.71875, max=14.6171875 | mean=-12.626265, std=3.5558505, thresh=10.115319 | nonzero=679/65536 | shape=[1, 1, 256, 256]
cropRect=(224.0, 0.0, 576.0, 1024.0) outRect=(0,0,1080.0,1920.0) drawRect=(-420.0, -0.0, 1920.0, 1920.0) nonzero=679
SAM decoder latency: 70.05 ms | mask refresh: 873.25 ms (1.15 Hz)
Frame inference time: 222.43 ms | raw_in_boxes: 8400 | topK: 10 | final_detections: 2
det[0]: class=68 score=0.702 box=[381.9, 328.1, 433.6, 357.0]
det[1]: class=72 score=0.705 box=[210.2, 335.8, 278.1, 479.2]
[DET] primary box orig=210.7,1007.4,414.3,1437.5 score=0.705 class=72
[DET] letterbox scale=0.3333 padX=140.00 padY=0.00
Pre=4.41ms | Infer=222.43ms | Post=207.27ms | Total=434.11ms | FPS=2.30 | Mem=294.7 MB
FPS: 2.30 | Memory: 294.7 MB
Frame inference time: 208.86 ms | raw_in_boxes: 8400 | topK: 10 | final_detections: 2
det[0]: class=72 score=0.707 box=[210.3, 336.0, 278.1, 479.1]
det[1]: class=68 score=0.702 box=[381.8, 328.0, 433.5, 357.1]
[DET] primary box orig=210.8,1008.0,414.4,1437.4 score=0.707 class=72
[DET] letterbox scale=0.3333 padX=140.00 padY=0.00
[SAM] orig(1080.0x1920.0) box=210.81601,1007.97,414.38525,1437.3534 | sam=336.4352,537.584,445.0055,766.5885 | mask256=84.1088,134.396,111.25137,191.64713
prompt box (px1024): 336.4352 537.584 445.0055 766.5885
Pre=2.48ms | Infer=208.86ms | Post=199.30ms | Total=410.65ms | FPS=2.44 | Mem=294.7 MB
[DBG] camera=1080x1920 | modelInput=640x640 | letterbox scale=0.3333 padX=140.00 padY=0.00 | rot=90 mirrored=false
maskBox (mask-space) = Optional((84.0, 134.0, 28.0, 58.0)), cropRect (input-space) = CGRect(x:224.0, y:0.0, width:576.0, height:1024.0)
Mask logits range: min=-18.8125, max=14.6796875 | mean=-12.64551, std=3.5538633, thresh=10.091555 | nonzero=670/65536 | shape=[1, 1, 256, 256]
cropRect=(224.0, 0.0, 576.0, 1024.0) outRect=(0,0,1080.0,1920.0) drawRect=(-420.0, -0.0, 1920.0, 1920.0) nonzero=670
SAM decoder latency: 60.54 ms | mask refresh: 835.54 ms (1.20 Hz)
Frame inference time: 220.24 ms | raw_in_boxes: 8400 | topK: 10 | final_detections: 2
det[0]: class=72 score=0.704 box=[210.3, 335.9, 278.3, 479.0]
det[1]: class=68 score=0.703 box=[381.9, 328.0, 433.6, 357.0]
[DET] primary box orig=211.0,1007.6,414.9,1437.1 score=0.704 class=72
[DET] letterbox scale=0.3333 padX=140.00 padY=0.00
SAM encoder cache hit rate: 70.0% (42/60)
Pre=2.73ms | Infer=220.24ms | Post=200.43ms | Total=423.40ms | FPS=2.36 | Mem=294.7 MB
Frame inference time: 228.48 ms | raw_in_boxes: 8400 | topK: 10 | final_detections: 2
det[0]: class=68 score=0.702 box=[381.9, 328.1, 433.6, 357.0]
det[1]: class=72 score=0.708 box=[210.3, 335.9, 278.2, 479.1]
[DET] primary box orig=211.0,1007.6,414.7,1437.4 score=0.708 class=72
[DET] letterbox scale=0.3333 padX=140.00 padY=0.00
Pre=2.34ms | Infer=228.48ms | Post=199.24ms | Total=430.07ms | FPS=2.33 | Mem=276.7 MB
[SAM] orig(1080.0x1920.0) box=210.98776,1007.62726,414.72537,1437.4373 | sam=336.5268,537.40125,445.1869,766.63324 | mask256=84.1317,134.35031,111.29672,191.65831
prompt box (px1024): 336.5268 537.40125 445.1869 766.63324
FPS: 2.37 | Memory: 276.8 MB
maskBox (mask-space) = Optional((84.0, 134.0, 28.0, 58.0)), cropRect (input-space) = CGRect(x:224.0, y:0.0, width:576.0, height:1024.0)
Mask logits range: min=-18.765625, max=14.6484375 | mean=-12.627697, std=3.5548549, thresh=10.111095 | nonzero=673/65536 | shape=[1, 1, 256, 256]
cropRect=(224.0, 0.0, 576.0, 1024.0) outRect=(0,0,1080.0,1920.0) drawRect=(-420.0, -0.0, 1920.0, 1920.0) nonzero=673
SAM decoder latency: 64.63 ms | mask refresh: 859.80 ms (1.16 Hz)
SAM encoder latency: 650.74 ms
Frame inference time: 244.39 ms | raw_in_boxes: 8400 | topK: 10 | final_detections: 2
det[0]: class=72 score=0.702 box=[210.3, 335.9, 277.7, 479.2]
det[1]: class=68 score=0.699 box=[381.9, 328.0, 433.5, 357.1]
[DET] primary box orig=210.9,1007.7,413.2,1437.7 score=0.702 class=72
[DET] letterbox scale=0.3333 padX=140.00 padY=0.00
Pre=3.91ms | Infer=244.39ms | Post=217.01ms | Total=465.31ms | FPS=2.15 | Mem=266.1 MB
Frame inference time: 221.98 ms | raw_in_boxes: 8400 | topK: 10 | final_detections: 2
det[0]: class=68 score=0.703 box=[381.8, 328.0, 433.6, 357.1]
det[1]: class=72 score=0.706 box=[210.3, 335.5, 278.6, 479.1]
[DET] primary box orig=210.8,1006.5,415.8,1437.4 score=0.706 class=72
[DET] letterbox scale=0.3333 padX=140.00 padY=0.00
Pre=2.49ms | Infer=221.98ms | Post=200.83ms | Total=425.29ms | FPS=2.35 | Mem=266.1 MB
[SAM] orig(1080.0x1920.0) box=210.81372,1006.5281,415.82712,1437.4375 | sam=336.434,536.815,445.77448,766.63336 | mask256=84.1085,134.20375,111.44362,191.65834
prompt box (px1024): 336.434 536.815 445.77448 766.63336
maskBox (mask-space) = Optional((84.0, 134.0, 28.0, 58.0)), cropRect (input-space) = CGRect(x:224.0, y:0.0, width:576.0, height:1024.0)
Mask logits range: min=-18.546875, max=14.6796875 | mean=-12.589799, std=3.566522, thresh=10.202029 | nonzero=685/65536 | shape=[1, 1, 256, 256]
cropRect=(224.0, 0.0, 576.0, 1024.0) outRect=(0,0,1080.0,1920.0) drawRect=(-420.0, -0.0, 1920.0, 1920.0) nonzero=685
SAM decoder latency: 69.73 ms | mask refresh: 896.85 ms (1.12 Hz)
[DBG] mask layer frame={{0, 0}, {414, 896}} | bounds={{0, 0}, {414, 896}} | rot=90 mirrored=false
Frame inference time: 222.06 ms | raw_in_boxes: 8400 | topK: 10 | final_detections: 2
det[0]: class=68 score=0.701 box=[381.9, 328.0, 433.6, 357.0]
det[1]: class=72 score=0.707 box=[210.3, 335.7, 278.5, 479.1]
[DET] primary box orig=210.9,1007.1,415.6,1437.3 score=0.707 class=72
[DET] letterbox scale=0.3333 padX=140.00 padY=0.00
Pre=2.55ms | Infer=222.06ms | Post=212.63ms | Total=437.24ms | FPS=2.29 | Mem=266.1 MB
FPS: 2.26 | Memory: 266.1 MB
Frame inference time: 214.70 ms | raw_in_boxes: 8400 | topK: 10 | final_detections: 2
det[0]: class=72 score=0.704 box=[210.3, 335.9, 277.8, 479.1]
det[1]: class=68 score=0.700 box=[381.9, 328.0, 433.5, 357.0]
[DET] primary box orig=211.0,1007.6,413.4,1437.4 score=0.704 class=72
[DET] letterbox scale=0.3333 padX=140.00 padY=0.00
[SAM] orig(1080.0x1920.0) box=210.98657,1007.5809,413.39484,1437.4323 | sam=336.52618,537.37646,444.47726,766.63055 | mask256=84.131546,134.34412,111.119316,191.65764
prompt box (px1024): 336.52618 537.37646 444.47726 766.63055
Pre=2.35ms | Infer=214.70ms | Post=192.78ms | Total=409.83ms | FPS=2.44 | Mem=266.1 MB
maskBox (mask-space) = Optional((84.0, 134.0, 27.0, 58.0)), cropRect (input-space) = CGRect(x:224.0, y:0.0, width:576.0, height:1024.0)
Mask logits range: min=-18.890625, max=14.6875 | mean=-12.647486, std=3.548503, thresh=10.328566 | nonzero=599/65536 | shape=[1, 1, 256, 256]
cropRect=(224.0, 0.0, 576.0, 1024.0) outRect=(0,0,1080.0,1920.0) drawRect=(-420.0, -0.0, 1920.0, 1920.0) nonzero=599
SAM decoder latency: 71.10 ms | mask refresh: 848.92 ms (1.18 Hz)
Frame inference time: 216.91 ms | raw_in_boxes: 8400 | topK: 10 | final_detections: 3
det[0]: class=72 score=0.704 box=[210.3, 335.8, 278.3, 479.2]
det[1]: class=68 score=0.700 box=[381.9, 328.1, 433.5, 357.1]
det[2]: class=68 score=0.693 box=[211.8, 298.3, 279.6, 336.6]
[DET] primary box orig=210.9,1007.3,414.8,1437.6 score=0.704 class=72
[DET] letterbox scale=0.3333 padX=140.00 padY=0.00
Pre=3.28ms | Infer=216.91ms | Post=196.05ms | Total=416.24ms | FPS=2.40 | Mem=266.1 MB
Frame inference time: 211.82 ms | raw_in_boxes: 8400 | topK: 10 | final_detections: 2
det[0]: class=72 score=0.708 box=[210.3, 336.0, 278.3, 479.1]
det[1]: class=68 score=0.701 box=[381.8, 328.0, 433.5, 357.0]
[DET] primary box orig=210.9,1007.9,414.8,1437.4 score=0.708 class=72
[DET] letterbox scale=0.3333 padX=140.00 padY=0.00
Pre=2.34ms | Infer=211.82ms | Post=199.49ms | Total=413.65ms | FPS=2.42 | Mem=266.1 MB
[SAM] orig(1080.0x1920.0) box=210.90216,1007.87256,414.78113,1437.364 | sam=336.48114,537.53204,445.2166,766.5942 | mask256=84.120285,134.38301,111.30415,191.64854
prompt box (px1024): 336.48114 537.53204 445.2166 766.5942
FPS: 2.41 | Memory: 266.1 MB
maskBox (mask-space) = Optional((84.0, 134.0, 28.0, 58.0)), cropRect (input-space) = CGRect(x:224.0, y:0.0, width:576.0, height:1024.0)
Mask logits range: min=-18.703125, max=14.703125 | mean=-12.615133, std=3.5532448, thresh=10.108247 | nonzero=683/65536 | shape=[1, 1, 256, 256]
cropRect=(224.0, 0.0, 576.0, 1024.0) outRect=(0,0,1080.0,1920.0) drawRect=(-420.0, -0.0, 1920.0, 1920.0) nonzero=683
SAM decoder latency: 65.69 ms | mask refresh: 826.36 ms (1.21 Hz)
Frame inference time: 213.40 ms | raw_in_boxes: 8400 | topK: 10 | final_detections: 2
det[0]: class=68 score=0.701 box=[381.8, 328.0, 433.6, 356.9]
det[1]: class=72 score=0.708 box=[210.3, 335.9, 278.2, 479.1]
[DET] primary box orig=211.0,1007.8,414.5,1437.3 score=0.708 class=72
[DET] letterbox scale=0.3333 padX=140.00 padY=0.00
Pre=2.90ms | Infer=213.40ms | Post=198.64ms | Total=414.94ms | FPS=2.41 | Mem=266.1 MB
Frame inference time: 213.78 ms | raw_in_boxes: 8400 | topK: 10 | final_detections: 2
det[0]: class=68 score=0.697 box=[381.8, 328.0, 433.4, 357.1]
det[1]: class=72 score=0.705 box=[210.3, 335.8, 278.3, 479.1]
[DET] primary box orig=210.9,1007.5,414.9,1437.3 score=0.705 class=72
[DET] letterbox scale=0.3333 padX=140.00 padY=0.00
Pre=2.30ms | Infer=213.78ms | Post=194.68ms | Total=410.75ms | FPS=2.43 | Mem=266.2 MB
[SAM] orig(1080.0x1920.0) box=210.90097,1007.4776,414.88898,1437.2517 | sam=336.48053,537.3214,445.27414,766.5343 | mask256=84.12013,134.33035,111.318535,191.63358
prompt box (px1024): 336.48053 537.3214 445.27414 766.5343